filename,title,caption,category,era,region,status,last_posted,times_posted,notes
(1) Instagram - Google Chrome 9_26_2025 7_09_20 PM.png,Most Valuable Banknote in Every European Country,Which country's cash is actually worth the most? The answer might surprise you 💶,Economy & society,Modern,Europe,active,2026-07-23T01:21:38+00:00,1,posted 2026-07-23 id 2080100995321745485
(1) Instagram - Google Chrome 9_29_2025 11_34_14 AM.png,% of People That Believe in God with Absolute Certainty,"One country hits 64% absolute certainty in God, its neighbor barely cracks 10% - the fault lines of European faith, mapped.",Religion & culture,Modern,Europe,active,2026-07-13T10:45:57+00:00,1,posted 2026-07-13 id 2076619132401860834
(2) Instagram - Google Chrome 9_11_2025 12_31_00 PM.png,Percentage of Population Able to Hold a Conversation in French (in Europe),"Outside France, who can actually speak French? The numbers drop off a cliff faster than you'd think.",Demographics & language,Modern,Europe,active,2026-07-21T17:04:16+00:00,1,"part of language-ability series, strong thread candidate; posted 2026-07-21 id 2079613441325576374"
(2) Instagram - Google Chrome 9_11_2025 12_31_09 PM.png,Percentage of Population Able to Hold a Conversation in Spanish (in Europe),"99% in one country, 1% almost everywhere else - Spanish's reach across Europe is wildly uneven.",Demographics & language,Modern,Europe,active,2026-07-30T14:41:16+00:00,1,"part of language-ability series, strong thread candidate; posted 2026-07-30 id 2082838944132268308"
(2) Instagram - Google Chrome 9_11_2025 2_13_22 PM.png,Range of Flamingos,Flamingos on four continents - the range of these pink icons stretches from the Andes to India 🦩,Oddities & superlatives,Various,World,active,2026-07-13T20:45:56+00:00,1,posted 2026-07-13 id 2076770122958578144
(2) Instagram - Google Chrome 9_12_2025 1_19_16 PM.png,West and South Asia in 1000,"A thousand years ago, this is what the map from Byzantium to Khotan actually looked like - and most of these empires you've never heard of.",Empires & borders,Medieval,Middle East,active,,0,"dense map, strong thread candidate"
(2) Instagram - Google Chrome 9_19_2025 1_52_35 PM.png,McDonald's Around the World,From 1940 in Canada to still nowhere in parts of Africa - the spread of the Golden Arches is basically a map of globalization itself.,Economy & society,Modern,World,active,2026-08-16T02:06:01+00:00,1,posted 2026-08-16 id 2088809473448054887
(2) Instagram - Google Chrome 9_23_2025 4_49_18 PM.png,Europe in 1295,"Before nation-states, Europe was a patchwork of kingdoms, khanates and crusader remnants - see how different the map looked in 1295.",Empires & borders,Medieval,Europe,active,2026-07-31T14:58:04+00:00,1,"strong thread candidate; posted 2026-07-31 id 2083205558711341310; top performer wk 2026-08-02 (45,433 imp)"
(3) Instagram - Google Chrome 10_10_2025 10_54_10 AM.png,Year and Method of Last Execution in Europe,The last execution in every European country — and how it was done. Iceland: 1830. Belarus: still counting.,Oddities & superlatives,Modern,Europe,active,2026-08-06T11:00:07+00:00,1,posted 2026-08-06 id 2085320005340565752
(3) Instagram - Google Chrome 10_17_2025 7_20_00 PM.png,Political Ad Spending 2018-2025 on Google in the EU,Germany alone dropped $22M on Google political ads since 2018 - see how every EU country stacks up.,Economy & society,Modern,Europe,active,2026-07-03T04:25:44+00:00,1,posted 2026-07-03 id 2072899569898463515
(3) Instagram - Google Chrome 10_19_2025 2_14_02 PM.png,Austria-Hungary's Regions with Flags and Coat of Arms,Every region of Austria-Hungary had its own flag and coat of arms - a heraldic tour of an empire that no longer exists.,Royal houses,19th century,Europe,active,2026-07-27T17:25:54+00:00,1,posted 2026-07-27 id 2081793210779636017
(3) Instagram - Google Chrome 10_19_2025 2_14_28 PM.png,Flag Map of German Empire's States,"The German Empire was a patchwork of dozens of kingdoms, duchies and free cities, each with its own flag - here's every one of them.",Royal houses,19th century,Europe,active,2026-07-05T06:57:52+00:00,1,visible resolution/rendering issue on state borders; posted 2026-07-05 id 2073662627679793223
(3) Instagram - Google Chrome 10_19_2025 2_14_35 PM.png,First Bulgarian Empire (632-1018),Nearly 400 years old and ruled by 'Simeon the Great' - meet the first Bulgarian Empire before it fell to Byzantium.,Empires & borders,Medieval,Europe,active,2026-07-18T09:13:23+00:00,1,posted 2026-07-18 id 2078407776766758943
(3) Instagram - Google Chrome 10_19_2025 2_14_40 PM.png,Languages/Dialects of Italy,Italy has way more than just 'Italian' - a map of the dozens of regional languages and dialects still spoken today.,Demographics & language,Modern,Europe,active,2026-08-08T03:51:09+00:00,1,"strong thread candidate; posted 2026-08-08 id 2085936826267648178; top performer wk 2026-08-09 (6,447 imp)"
(3) Instagram - Google Chrome 10_19_2025 2_14_42 PM.png,Map of Germanic Y-DNA in Europe,Scandinavia lights up over 75% - here's how far Germanic Y-DNA actually spread across Europe.,Demographics & language,Various,Europe,active,2026-07-29T01:16:00+00:00,1,high-engagement debate topic; posted 2026-07-29 id 2082273903963938966
(3) Instagram - Google Chrome 10_19_2025 2_14_44 PM.png,Italian City States in 14th Century,"Florence, Venice, Milan and dozens more - Italy in the 1300s was a checkerboard of rival city-states, each with its own banner.",Empires & borders,Medieval,Europe,active,,0,strong thread candidate
(3) Instagram - Google Chrome 10_19_2025 2_14_49 PM.png,"Colonies in Tianjin, China (1860-1947)","Eight foreign powers, one Chinese city - Tianjin was carved into concessions by Japan, Britain, France, Germany and more.",Empires & borders,19th century,Asia,active,2026-08-01T23:28:21+00:00,1,posted 2026-08-01 id 2083696363317895262
(3) Instagram - Google Chrome 10_19_2025 2_14_54 PM.png,Map of Slavic Y-DNA in Europe,From under 1% in Western Europe to over 70% further east - tracing Slavic ancestry across the continent.,Demographics & language,Various,Europe,active,2026-08-17T10:56:45+00:00,1,high-engagement debate topic; posted 2026-08-17 id 2089305425946558811
(3) Instagram - Google Chrome 10_19_2025 2_14_57 PM.png,Most Spoken Native American Languages by State in the USA,"Cherokee dominates the South, Navajo rules the Southwest - the surprising native language map of the United States.",Demographics & language,Various,North America,active,2026-08-12T23:10:04+00:00,1,strong thread candidate; posted 2026-08-12 id 2087678030277677430
(3) Instagram - Google Chrome 10_19_2025 2_15_01 PM.png,Dialects of the Hungarian Language,Hungarian has dialects far beyond Hungary's borders — from the Palóc hills to the Csángó villages of Moldova 🇭🇺,Demographics & language,Modern,Europe,active,2026-07-24T17:17:50+00:00,1,posted 2026-07-24 id 2080704020071776424
(3) Instagram - Google Chrome 10_19_2025 2_15_15 PM.png,Morgenthau Plan to Divide Germany After WW2,The US actually had a plan to split Germany into farmland states with no heavy industry - here's what almost happened.,Wars & conflicts,WWII,Europe,active,2026-07-30T10:37:42+00:00,1,posted 2026-07-30 id 2082777647118168483
(3) Instagram - Google Chrome 10_19_2025 2_15_19 PM.png,Separatist Movements in Spain,From Catalonia to Galicia - a map of every region in Spain with a serious separatist movement.,Empires & borders,Modern,Europe,active,,0,high-engagement debate topic
(3) Instagram - Google Chrome 10_19_2025 2_15_23 PM.png,Languages/Dialects of France,"Forget just 'French' - France is home to dozens of regional languages, from Breton to Occitan to Corsican.",Demographics & language,Modern,Europe,active,,0,strong thread candidate
(3) Instagram - Google Chrome 10_19_2025 2_15_34 PM.png,Languages of Belgium,"One country, three official languages - here's exactly where Dutch, French and German are spoken in Belgium.",Demographics & language,Modern,Europe,active,2026-08-16T07:08:28+00:00,1,posted 2026-08-16 id 2088885585901449531
(3) Instagram - Google Chrome 10_19_2025 2_15_38 PM.png,Distribution of Haplogroup I2a2 (Y-DNA) in Europe (pre-Celto-Germanic),This DNA marker predates the Celts and Germans entirely - see where this ancient European lineage survives today.,Demographics & language,Various,Europe,active,,0,high-engagement debate topic
(3) Instagram - Google Chrome 10_19_2025 2_15_43 PM.png,"Treaty of Trianon, if it Happened to US",Imagine the US losing two-thirds of its land overnight - that's exactly what Trianon did to Hungary after WWI.,Wars & conflicts,1910s,North America,active,2026-08-08T19:07:37+00:00,1,"hypothetical/comparison map, strong thread candidate; posted 2026-08-08 id 2086167466263351565"
(3) Instagram - Google Chrome 10_19_2025 2_15_50 PM.png,Division of Switzerland Proposed by Muammar Al-Gaddafi at G8 Summit 2009,"Gaddafi once proposed carving up Switzerland between France, Germany and Italy - here's the map he pitched.",Oddities & superlatives,Modern,Europe,active,2026-08-03T04:05:34+00:00,1,posted 2026-08-03 id 2084128518305460697
(3) Instagram - Google Chrome 10_19_2025 2_15_55 PM.png,Top Leaders with Most Assassination Attempts,638 attempts on one man's life - see which leaders survived the most assassination attempts in history.,Oddities & superlatives,Various,World,active,,0,part of leaders series
(3) Instagram - Google Chrome 10_19_2025 2_15_58 PM.png,Napoleon's Empire in 1812,"At its peak, Napoleon's France and its satellites stretched from Spain to Poland - see the empire right before it collapsed.",Empires & borders,Early modern,Europe,active,2026-08-13T23:11:33+00:00,1,strong thread candidate; posted 2026-08-13 id 2088040792107720733
(3) Instagram - Google Chrome 10_19_2025 2_16_01 PM.png,France Occupied by Axis Powers (1940-1944),France wasn't just occupied by Germany - Italy had its own zone too. Here's the full wartime map.,Wars & conflicts,WWII,Europe,active,2026-07-18T16:40:27+00:00,1,posted 2026-07-18 id 2078520281618935808
(3) Instagram - Google Chrome 10_19_2025 2_16_04 PM.png,US Presidents With Highest Estimated IQ,"The highest-IQ US presidents according to estimates. John Adams: 173. Disclaimer: historical IQ estimates, take with salt 🧂",Oddities & superlatives,Various,North America,active,2026-07-31T21:37:33+00:00,1,posted 2026-07-31 id 2083306094886334908
(3) Instagram - Google Chrome 10_19_2025 2_16_18 PM.png,"Trianon, if it Happened to UK","Picture the UK losing Scotland, Wales and Northern Ireland in one treaty - that's the scale of Hungary's post-WWI loss.",Wars & conflicts,1910s,Europe,active,,0,"hypothetical/comparison map, pair with US version"
(3) Instagram - Google Chrome 10_19_2025 2_17_11 PM.png,Flags with Purple,Purple dye was once so rare only royalty could afford it - here are all the flags brave enough to use it.,Oddities & superlatives,Various,World,active,2026-07-16T01:14:37+00:00,1,"not a map, flag grid infographic; posted 2026-07-16 id 2077562515236507872"
(3) Instagram - Google Chrome 10_19_2025 2_17_14 PM.png,Allied Occupation of Germany (1945-1949),"Four powers, four zones, one divided Berlin - the map that set the stage for the Cold War.",Wars & conflicts,Cold War,Europe,active,2026-08-16T22:46:04+00:00,1,posted 2026-08-16 id 2089121540818317493
(3) Instagram - Google Chrome 10_19_2025 2_17_16 PM.png,Top Leaders with the Most Killed People,From 5 million to as high as 78 million - the death tolls attributed to history's deadliest rulers.,Oddities & superlatives,Various,World,active,2026-08-08T07:28:32+00:00,1,high-engagement debate topic; posted 2026-08-08 id 2085991534877401410
(3) Instagram - Google Chrome 10_19_2025 2_17_18 PM.png,Iberia in 1200,"Before Spain and Portugal as we know them, Iberia was split between Christian kingdoms and the Almohad Caliphate.",Empires & borders,Medieval,Europe,active,2026-08-05T23:28:47+00:00,1,posted 2026-08-05 id 2085146027599053213
(3) Instagram - Google Chrome 10_19_2025 2_17_22 PM.png,North America in 1830,"North America in 1830: Mexico owned Texas and California, Britain held Canada, and Russia... owned Alaska 🇺🇸",Empires & borders,19th century,North America,active,2026-08-10T11:30:34+00:00,1,posted 2026-08-10 id 2086777217556562234
(3) Instagram - Google Chrome 10_19_2025 2_17_24 PM.png,Richest Leaders in the World,Two leaders tied at $200 billion each - see which heads of state amassed the biggest fortunes in power.,Oddities & superlatives,Modern,World,active,,0,high-engagement debate topic
(3) Instagram - Google Chrome 10_19_2025 2_17_26 PM.png,Singapore 1984 vs 2018,Look how much land Singapore reclaimed from the sea in just 34 years - a satellite comparison that says it all.,Oddities & superlatives,Modern,Asia,active,2026-08-15T22:46:31+00:00,1,"satellite imagery, not a drawn map; posted 2026-08-15 id 2088759268463771878"
(3) Instagram - Google Chrome 10_19_2025 2_17_28 PM.png,Allies' Plan to Partition Japan After WWII,The Allies almost split Japan the way they split Germany - here's the forgotten postwar partition plan.,Wars & conflicts,WWII,Asia,active,2026-07-02T01:22:19+00:00,1,posted 2026-07-02 id 2072491021326245990; top performer wk 2026-07-02 (27 imp)
(3) Instagram - Google Chrome 10_19_2025 2_17_30 PM.png,Longest Serving Leaders,52 years in power - see the leaders who held on to power longer than almost anyone else in modern history.,Oddities & superlatives,Various,World,active,2026-08-10T23:05:50+00:00,1,part of leaders series; posted 2026-08-10 id 2086952188757135409
(3) Instagram - Google Chrome 10_19_2025 2_17_32 PM.png,Partition Plan of Germany Proposed by Roosevelt,"Roosevelt once floated splitting Germany into Hannover, Prussia, Saxony, Hesse, Bavaria and Austria - here's the map.",Wars & conflicts,WWII,Europe,active,2026-08-13T15:30:41+00:00,1,posted 2026-08-13 id 2087924808856310074
(3) Instagram - Google Chrome 10_19_2025 2_17_35 PM.png,Balkans Before First Balkan War,Right before the Ottomans got pushed out of Europe for good - this is what the Balkans looked like.,Wars & conflicts,19th century,Europe,active,2026-08-01T21:24:42+00:00,1,posted 2026-08-01 id 2083665247089426867
(3) Instagram - Google Chrome 10_19_2025 2_17_37 PM.png,Top Leaders With Most Assassination Attempts Part 2,Tito survived 22 known assassination attempts - round two of history's most-targeted leaders.,Oddities & superlatives,Various,World,active,2026-08-05T11:00:09+00:00,1,"part of leaders series, sequel to earlier post; posted 2026-08-05 id 2084957625892954459"
(3) Instagram - Google Chrome 10_19_2025 2_17_39 PM.png,Allied-Occupied Austria (1945-1955),"Like Germany, Austria was also carved into four occupation zones after WWII - here's the map most people forget.",Wars & conflicts,Cold War,Europe,active,2026-08-11T15:28:53+00:00,1,posted 2026-08-11 id 2087199580274438159
(3) Instagram - Google Chrome 10_19_2025 2_17_42 PM.png,Autonomous Regions of China,"Tibet, Xinjiang, Inner Mongolia and more - a map of China's officially autonomous regions.",Empires & borders,Modern,Asia,active,,0,high-engagement debate topic
(3) Instagram - Google Chrome 10_19_2025 2_17_45 PM.png,Most Corrupt Leaders by Amount Embezzled,One leader may have embezzled up to $35 billion - see the rulers accused of stealing the most from their own countries.,Oddities & superlatives,Modern,World,active,2026-08-16T03:26:42+00:00,1,high-engagement debate topic; posted 2026-08-16 id 2088829777897484466
(3) Instagram - Google Chrome 10_19_2025 2_17_54 PM.png,Korean War (1950-1953),The front line swung across the entire peninsula four times before settling near where it started - map the whole war in four snapshots.,Wars & conflicts,Cold War,Asia,active,2026-08-15T10:47:55+00:00,1,strong thread candidate; posted 2026-08-15 id 2088578425980395548
(3) Instagram - Google Chrome 10_19_2025 2_18_16 PM.png,How Many Languages Did Historical Leaders Speak?,"Tito, Napoleon, Ataturk and a Bulgarian king walk into a bar - and between them they spoke half a dozen languages fluently.",Royal houses,Various,World,active,2026-07-22T20:51:13+00:00,1,"part of leaders-languages series, pair with similar post; posted 2026-07-22 id 2080032944090153078"
(3) Instagram - Google Chrome 10_19_2025 2_18_27 PM.png,German Occupied Europe in 1942,"At its height, Nazi Germany controlled or dominated nearly all of continental Europe - see the full map of occupation, allies and neutrals.",Wars & conflicts,WWII,Europe,active,,0,strong thread candidate
(3) Instagram - Google Chrome 10_19_2025 2_18_32 PM.png,Concentration of Slaves in the US,From scattered pockets in 1790 to a solid band across the Deep South by 1860 - the map of slavery's growth in 70 years.,Demographics & language,19th century,North America,active,2026-08-12T13:56:02+00:00,1,high-engagement debate topic; posted 2026-08-12 id 2087538601550844051
(3) Instagram - Google Chrome 10_19_2025 2_18_36 PM.png,Languages Spoken by Historical Figures,Stalin spoke 4 languages. Churchill barely managed 2. And one pope spoke... 12? 🗣️,Oddities & superlatives,20th century,World,active,2026-07-22T13:13:53+00:00,1,posted 2026-07-22 id 2079917850458730909
(3) Instagram - Google Chrome 10_19_2025 2_18_39 PM.png,Spanish Civil War Every Year,Watch the front lines collapse year by year as the Nationalists swallow up Republican Spain.,Wars & conflicts,Interwar,Europe,active,2026-08-18T09:02:49+00:00,1,strong thread candidate; posted 2026-08-18 id 2089639139155095628
(3) Instagram - Google Chrome 10_19_2025 2_18_45 PM.png,What Languages Did Historical Leaders Speak?,"Mehmed the Conqueror, Queen Victoria and Mussolini all spoke multiple languages fluently - see who spoke what.",Royal houses,Various,World,active,2026-07-28T20:54:39+00:00,1,"part of leaders-languages series, pair with similar post; posted 2026-07-28 id 2082208134425158124"
(3) Instagram - Google Chrome 10_19_2025 2_18_48 PM.png,Chinese Civil War: Every Year (1947-1950),"In just three years, the Communists flipped nearly the entire map of China from Nationalist blue to red.",Wars & conflicts,Interwar,Asia,active,,0,strong thread candidate
(3) Instagram - Google Chrome 10_19_2025 2_19_14 PM.png,What Languages did Historical Figures speak?,"These four titans of history never spoke a word of English to each other's era — yet they all reached for one common tongue. Guess which language unites Catherine, Henry VIII, Newton and Einstein.",Demographics & language,Various,Europe,active,2026-07-31T18:03:14+00:00,1,part of a language-flags series; posted 2026-07-31 id 2083252156644401476
(3) Instagram - Google Chrome 10_19_2025 2_19_17 PM.png,English Civil War: Every Year (1641-1651),Watch Royalist red bleed across England year by year as Charles I's kingdom tears itself apart. The Civil War map you never saw in school 🔴,Wars & conflicts,Early modern,Europe,active,2026-07-27T10:58:52+00:00,1,posted 2026-07-27 id 2081695812933894146
(3) Instagram - Google Chrome 10_19_2025 2_19_35 PM.png,Germany's Future (1917 pamphlet),A real German pamphlet from 1917 imagined a Europe utterly reshaped by a Kaiser's victory — here's the map they never got to draw for real.,Empires & borders,WWI,Europe,active,2026-07-26T09:48:21+00:00,1,"alternate-history propaganda map, strong hook; posted 2026-07-26 id 2081315676065796475; top performer wk 2026-07-26 (3,889 imp)"
(3) Instagram - Google Chrome 10_19_2025 2_19_38 PM.png,What Languages did Leaders Figures speak?,"Elizabeth I, Lenin, Bismarck and John Adams shared more linguistic common ground than you'd think. Can you spot the language all four had in common?",Demographics & language,Various,Europe,active,,0,title has typo 'Leaders Figures' on graphic
(3) Instagram - Google Chrome 10_19_2025 2_19_40 PM.png,Italian Civil War: Every Year (1943-1945),"Mussolini's last stand, mapped month by month — watch the Italian Social Republic shrink as the Kingdom of Italy reclaims the peninsula.",Wars & conflicts,WWII,Europe,active,2026-07-26T06:26:46+00:00,1,posted 2026-07-26 id 2081264947380498779
(3) Instagram - Google Chrome 10_19_2025 2_19_44 PM.png,Tito's Plan for Greater Yugoslavia,Tito once dreamed of a South Slavic superstate stretching from Slovenia to Bulgaria — see the borders that almost redrew the Balkans.,Empires & borders,Cold War,Europe,active,2026-08-16T16:50:10+00:00,1,strong thread candidate; posted 2026-08-16 id 2089031977068278168
(3) Instagram - Google Chrome 10_19_2025 2_19_47 PM.png,What Languages did Historical Leaders speak?,"From Pedro II's Tupi to Franz Joseph's Latin, these four emperors' linguistic resumes are wilder than you'd expect 🔑",Demographics & language,19th century,World,active,2026-08-13T03:07:42+00:00,1,posted 2026-08-13 id 2087737832689598505
(3) Instagram - Google Chrome 10_19_2025 2_19_49 PM.png,French Invasion of Mexico: Every Year,Napoleon III tried to build an empire in Mexico — follow the red tide of French conquest rise and then completely collapse by 1867.,Wars & conflicts,19th century,North America,active,2026-07-29T06:21:51+00:00,1,posted 2026-07-29 id 2082350873934479546
(3) Instagram - Google Chrome 10_19_2025 2_19_52 PM.png,Axis Occupation of Yugoslavia (1941-1945),"One country, carved into seven pieces by four different occupiers — this is what Axis-occupied Yugoslavia actually looked like.",Wars & conflicts,WWII,Europe,active,,0,
(3) Instagram - Google Chrome 10_19_2025 2_19_54 PM.png,What Languages did Historical Leaders speak?,"Mezzofanti reportedly spoke dozens of languages, but even a tsar and a founding father make this multilingual lineup surprising.",Demographics & language,Various,World,active,2026-08-05T14:54:06+00:00,1,posted 2026-08-05 id 2085016501078401185
(3) Instagram - Google Chrome 10_19_2025 2_19_56 PM.png,Syrian Civil War (2011-present),"One of the most fractured conflicts of the 21st century, mapped from ISIS's peak to today's uneasy patchwork of control.",Wars & conflicts,Modern,Middle East,active,2026-07-05T16:50:52+00:00,1,"ongoing conflict, verify dates before posting; high-engagement debate topic; posted 2026-07-05 id 2073811860961316954"
(3) Instagram - Google Chrome 10_19_2025 2_19_58 PM.png,European Colonies in Africa (1880 vs. 1913),"In just 33 years, Europe went from barely touching Africa to owning almost all of it — the Scramble for Africa in two maps.",Empires & borders,19th century,Africa,active,2026-08-07T07:52:07+00:00,1,strong thread candidate; posted 2026-08-07 id 2085635081784144052
(3) Instagram - Google Chrome 10_19_2025 2_20_00 PM.png,What Languages did Historical Figures speak?,"Voltaire, Mozart, a Holy Roman Emperor and Teddy Roosevelt walk into a bar of flags — see what native tongues they all had in common.",Demographics & language,Various,Europe,active,,0,
(3) Instagram - Google Chrome 10_19_2025 2_20_02 PM.png,Russian Invasion of Crimea (2014),"In just three weeks in 2014, Crimea flipped from Ukrainian blue to Russian red — here's the map of how fast it happened.",Wars & conflicts,Modern,Europe,active,,0,high-engagement debate topic
(3) Instagram - Google Chrome 10_19_2025 2_20_05 PM.png,Europe After Napoleonic Wars (1816),"After two decades of Napoleon reshaping the map, Europe's post-war borders in 1816 looked nothing like they did in 1789.",Empires & borders,19th century,Europe,active,2026-08-14T17:27:45+00:00,1,posted 2026-08-14 id 2088316659899478338
(3) Instagram - Google Chrome 10_19_2025 2_20_08 PM.png,What Languages did Historical Leaders speak?,"Otto von Habsburg, James Madison, Maria Theresa and William III — four leaders, four eras, one surprisingly shared tongue.",Demographics & language,Various,Europe,active,2026-07-06T21:17:08+00:00,1,posted 2026-07-06 id 2074241256511725607
(3) Instagram - Google Chrome 10_19_2025 2_20_10 PM.png,Dialects of Italy,"Italy wasn't one language until surprisingly recently — this map of Tuscan, Sicilian, Venetian and more shows just how fractured it really was.",Demographics & language,Various,Europe,active,,0,strong thread candidate
(3) Instagram - Google Chrome 10_19_2025 2_20_13 PM.png,Territorial Expansion of the USA,From 13 colonies in 1776 to Alaska in 1867 — watch the United States nearly quadruple in size in under a century.,Empires & borders,19th century,North America,active,2026-08-16T04:59:59+00:00,1,posted 2026-08-16 id 2088853254071341427
(3) Instagram - Google Chrome 10_19_2025 2_20_16 PM.png,What Languages did some German Historical Figures speak?,"Bismarck, Frederick the Great, Marx and Einstein — four of Germany's biggest names, and the languages that shaped them.",Demographics & language,Various,Europe,active,2026-07-08T06:19:31+00:00,1,posted 2026-07-08 id 2074740142724755771
(3) Instagram - Google Chrome 10_19_2025 2_20_47 PM.png,Franco-Prussian War (1870-1871),"In under a year, Prussia went from a border skirmish to swallowing a third of France — watch the red spread month by month.",Wars & conflicts,19th century,Europe,active,2026-08-06T07:15:22+00:00,1,posted 2026-08-06 id 2085263443146244309
(3) Instagram - Google Chrome 10_19_2025 2_20_50 PM.png,Europe During WW1 (1918),"Four empires still stood at the end of 1918 — within a year, every single one of them would be gone. Here's Europe on the eve of collapse.",Empires & borders,WWI,Europe,active,,0,
(3) Instagram - Google Chrome 10_19_2025 2_20_53 PM.png,What Languages did some British Historical Figures speak?,"Darwin, Queen Victoria, Newton and Henry VIII all called England home — but their linguistic roots go a lot further than English.",Demographics & language,Various,Europe,active,,0,
(3) Instagram - Google Chrome 10_19_2025 2_20_55 PM.png,Invasion of Poland (1939),"Poland was crushed from both sides in under five weeks — Germany from the west, the Soviets from the east. This is how fast it happened.",Wars & conflicts,WWII,Europe,active,,0,
(3) Instagram - Google Chrome 10_19_2025 2_21_01 PM.png,Treaty of Brest-Litovsk (1918),Russia surrendered a staggering chunk of its empire to end WWI on the Eastern Front — see just how much territory it gave up.,Wars & conflicts,WWI,Europe,active,2026-07-03T22:00:21+00:00,1,posted 2026-07-03 id 2073164970658038232
(3) Instagram - Google Chrome 10_19_2025 2_21_15 PM.png,Australian Indigenous Land (1788 to 2013),From total dispossession in 1965 to a slow reclaiming of land rights by 2013 — this map traces two centuries of Aboriginal land loss and recovery.,Demographics & language,Various,Asia,active,2026-08-09T13:30:21+00:00,1,sensitive topic - review; region tagged Asia should be Oceania; posted 2026-08-09 id 2086444978281283770
(3) Instagram - Google Chrome 10_19_2025 2_21_19 PM.png,Border Changes in History of Poland,"From Boleslaw the Brave in 1000 to the postwar borders of 1945, Poland's shape has shifted more than almost any country in Europe.",Empires & borders,Various,Europe,active,2026-08-10T19:29:42+00:00,1,strong thread candidate; posted 2026-08-10 id 2086897796356190362
(3) Instagram - Google Chrome 10_19_2025 2_21_23 PM.png,Invasion of France During WW2,"In just 17 days in June 1940, France went from free to nearly fully occupied — the fall of France, mapped week by week.",Wars & conflicts,WWII,Europe,active,2026-07-10T20:57:30+00:00,1,posted 2026-07-10 id 2075685867323056354
(3) Instagram - Google Chrome 10_19_2025 2_21_28 PM.png,Partition of Polish-Lithuanian Commonwealth,"Three empires carved up one of Europe's largest states in just 23 years, erasing Poland from the map entirely — here's how they split the spoils.",Empires & borders,Early modern,Europe,active,,0,
(3) Instagram - Google Chrome 10_19_2025 2_21_31 PM.png,Territorial Expansion of Germany (1939-1942),"At its peak in 1942, the Third Reich's shadow stretched from Norway to the Caucasus — this map shows just how far it got before it all fell apart.",Wars & conflicts,WWII,Europe,active,,0,
(3) Instagram - Google Chrome 10_19_2025 2_21_33 PM.png,Winter War (1939-1940),"Tiny Finland held off the Soviet giant for over three months — track the brutal, inch-by-inch fighting of the Winter War.",Wars & conflicts,WWII,Europe,active,2026-08-04T07:12:05+00:00,1,posted 2026-08-04 id 2084537844182487531
(3) Instagram - Google Chrome 10_19_2025 2_21_36 PM.png,Religion of Europe in 1600,"A century after the Reformation, Europe was a religious patchwork of Catholics, Lutherans, Calvinists and Orthodox — see how fractured faith had become.",Religion & culture,Early modern,Europe,active,2026-07-19T06:19:50+00:00,1,posted 2026-07-19 id 2078726488279433281
(3) Instagram - Google Chrome 10_19_2025 2_21_50 PM.png,Territorial Expansion of the Ottoman Empire (1300-1683),From a tiny Anatolian beylik in 1300 to the gates of Vienna by 1683 — nearly 400 years of Ottoman conquest in a single map.,Empires & borders,Medieval,Middle East,active,2026-07-15T20:46:07+00:00,1,strong thread candidate; posted 2026-07-15 id 2077494941803307125
(3) Instagram - Google Chrome 10_19_2025 2_22_00 PM.png,Liberation of France During WW2 (1944),From D-Day to nearly full liberation in six weeks — watch Allied blue swallow Nazi red across France in the summer of 1944.,Wars & conflicts,WWII,Europe,active,2026-07-08T01:17:12+00:00,1,posted 2026-07-08 id 2074664062802083910
(3) Instagram - Google Chrome 10_19_2025 2_22_05 PM.png,Spread of Christianity 325-600,"In under three centuries, Christianity went from a persecuted sect to the dominant faith of the entire Mediterranean world.",Religion & culture,Antiquity,Europe,active,2026-07-22T06:18:35+00:00,1,posted 2026-07-22 id 2079813337647313398
(3) Instagram - Google Chrome 10_19_2025 2_22_11 PM.png,"Treaty of Tordesillas, 1494",Two kingdoms drew a single line down the Atlantic and casually split the entire non-European world between them. That's the Treaty of Tordesillas.,Empires & borders,Early modern,World,active,,0,strong thread candidate
(3) Instagram - Google Chrome 10_19_2025 2_22_14 PM.png,Invasion of Yugoslavia During WW2 (1941),It took the Axis just eight days to crush the Kingdom of Yugoslavia — watch the country get swallowed in real time.,Wars & conflicts,WWII,Europe,active,2026-07-15T17:00:47+00:00,1,posted 2026-07-15 id 2077438238608986497
(3) Instagram - Google Chrome 10_19_2025 2_22_16 PM.png,Recognition of Israel and Palestine in 1952 vs. 2021,In 1952 almost no one recognized Israel outside the West — by 2021 the diplomatic map had flipped almost entirely. See the dramatic shift.,Empires & borders,Modern,Middle East,active,,0,high-engagement debate topic
(3) Instagram - Google Chrome 10_19_2025 2_22_18 PM.png,"Treaty of Paris, 1763 Before and After","One treaty, one war lost, and France's entire North American empire vanished overnight — this is the map that ended New France.",Empires & borders,Early modern,North America,active,,0,
(3) Instagram - Google Chrome 10_19_2025 2_22_21 PM.png,"Invasion of the Benelux, 1940","The Netherlands, Belgium and Luxembourg fell in under three weeks — this is how fast the Nazi war machine rolled through the Low Countries.",Wars & conflicts,WWII,Europe,active,,0,
(3) Instagram - Google Chrome 10_19_2025 2_22_23 PM.png,Palestinian Land Loss,"From 1946 to 2021, this map has become one of the most viral — and most disputed — images in modern geopolitics. Judge for yourself.",Empires & borders,Modern,Middle East,active,2026-08-08T14:58:11+00:00,1,widely disputed/contested map format; high-engagement debate topic; posted 2026-08-08 id 2086104692560368067
(3) Instagram - Google Chrome 10_19_2025 2_22_26 PM.png,Territorial Expansion of Prussia 1807-1871,From humiliation at Napoleon's hands to German Empire in 64 years. This is how Prussia did it 🗺️,Empires & borders,19th century,Europe,active,2026-07-24T10:03:01+00:00,1,posted 2026-07-24 id 2080594592416862651
(3) Instagram - Google Chrome 10_19_2025 2_22_28 PM.png,Religions of Europe and around,"Catholic, Orthodox, Protestant, Sunni and Shia all collide at Europe's edges — this map shows exactly where the fault lines sit.",Religion & culture,Modern,Europe,active,2026-08-02T15:36:50+00:00,1,posted 2026-08-02 id 2083940090657882160
(3) Instagram - Google Chrome 10_19_2025 2_22_30 PM.png,Economic Activity in North America before Colonization,"Long before Columbus, North America was already an economic patchwork of hunters, farmers and fishers — here's what it looked like.",Economy & society,Various,North America,active,2026-08-15T16:49:44+00:00,1,posted 2026-08-15 id 2088669480532459786
(3) Instagram - Google Chrome 10_19_2025 2_22_32 PM.png,"Treaty of Versailles, 1919","Germany didn't just lose the war — it lost Danzig, chunks of its east, and its dignity. This is the map that set WWII in motion.",Empires & borders,WWI,Europe,active,2026-08-04T23:32:46+00:00,1,strong thread candidate; posted 2026-08-04 id 2084784637503578327
(3) Instagram - Google Chrome 10_19_2025 2_22_36 PM.png,"Europe During Napoleonic Wars, 1812","At Napoleon's peak in 1812, his empire and satellite states covered nearly all of continental Europe — right before it all began to unravel.",Empires & borders,Early modern,Europe,active,2026-07-29T13:29:35+00:00,1,posted 2026-07-29 id 2082458516904878537
(3) Instagram - Google Chrome 10_19_2025 2_22_39 PM.png,Communist Countries 1980 vs. 2021,In 1980 communism painted a third of the globe red — by 2021 almost all of it was gone except one giant holdout. Guess which one.,Empires & borders,Cold War,World,active,,0,
(3) Instagram - Google Chrome 10_19_2025 2_22_43 PM.png,Land Reclamation in Netherlands (Lands in 1300 vs. 2021),The Dutch didn't just build dikes — they literally built new land. See how much of the modern Netherlands used to be open water.,Oddities & superlatives,Various,Europe,active,2026-08-11T17:26:21+00:00,1,strong thread candidate; posted 2026-08-11 id 2087229142945108432
(3) Instagram - Google Chrome 10_19_2025 2_29_13 PM.png,Purchased Territories by the US,"The US didn't conquer all its land — it bought huge chunks of it, including Alaska for a bargain $7.2 million. Here's the full shopping list.",Economy & society,19th century,North America,active,2026-08-01T03:59:58+00:00,1,posted 2026-08-01 id 2083402331731996960
(3) Instagram - Google Chrome 10_19_2025 2_29_18 PM.png,Recognition of Crimea as part of Ukraine or Russia,Most of the world still calls Crimea Ukrainian — but a surprising number of countries beg to differ. See the global divide.,Empires & borders,Modern,Europe,active,2026-08-05T03:43:00+00:00,1,high-engagement debate topic; posted 2026-08-05 id 2084847613472657677
(3) Instagram - Google Chrome 10_19_2025 2_29_30 PM.png,German Settlements and Presences through history,"Long before modern borders, German-speaking communities were scattered across half of Europe — this map shows just how far they reached.",Demographics & language,Various,Europe,active,,0,"dark background, low text contrast in places"
(3) Instagram - Google Chrome 10_19_2025 2_29_38 PM.png,GDP (PPP) per Capita in Europe: 1913 Vs. 1938,"Between two world wars, some European economies grew, others stagnated — compare the wealth map of 1913 against the eve of WWII.",Economy & society,Interwar,Europe,active,2026-08-09T22:59:21+00:00,1,carousel post - swipe indicator visible for second slide; posted 2026-08-09 id 2086588170984976658
(3) Instagram - Google Chrome 10_19_2025 2_29_44 PM.png,GDP per Capita in Europe: 1913 vs 1938,"Europe's economy in 1938, five years before the war: the West pulled ahead while the East stood still 📉",Economy & society,Interwar,Europe,active,,0,
(3) Instagram - Google Chrome 10_19_2025 2_29_55 PM.png,Countries that Have Been Colonized by Europe,Europe touched almost every corner of the globe — this map shows just how few places escaped colonization or influence entirely.,Empires & borders,Various,World,active,2026-08-17T16:55:08+00:00,1,posted 2026-08-17 id 2089395615448924320
(3) Instagram - Google Chrome 10_19_2025 2_30_03 PM.png,Latin America 1800 vs. 1830,"Two empires ruled almost all of Latin America in 1800. Thirty years later, a dozen new nations had carved it up 🗺️",Empires & borders,19th century,South America,active,,0,
(3) Instagram - Google Chrome 10_19_2025 2_30_09 PM.png,Countries that Have Been Invaded by Britain,Britain has invaded all but a handful of the world's countries throughout history — find the tiny list of nations that got away.,Wars & conflicts,Various,World,active,2026-07-11T01:15:49+00:00,1,posted 2026-07-11 id 2075750874660401440
(3) Instagram - Google Chrome 10_19_2025 2_30_14 PM.png,Native American Cultures in North America (1500),"Before European contact, North America was a mosaic of distinct culture areas — from Arctic hunters to Southwest farmers.",Demographics & language,Various,North America,active,2026-07-12T20:33:05+00:00,1,posted 2026-07-12 id 2076404499980153272
(3) Instagram - Google Chrome 10_19_2025 2_30_19 PM.png,"Territorial Expansion of the Roman Empire, 290 BC-201 AD",Watch Rome grow year by year from an Italian city-state into a Mediterranean superpower in under 500 years.,Empires & borders,Antiquity,Europe,active,2026-07-09T17:44:34+00:00,1,strong thread candidate; posted 2026-07-09 id 2075274927280685097
(3) Instagram - Google Chrome 10_19_2025 2_30_23 PM.png,Polish Settlements and Presences in early 20th Century,Polish communities were scattered far beyond Poland's borders in the early 1900s — the spread might surprise you.,Demographics & language,1910s,Europe,active,2026-08-14T20:55:37+00:00,1,visible watermark text overlay; posted 2026-08-14 id 2088368970336550998
(3) Instagram - Google Chrome 10_19_2025 2_33_08 PM.png,Projected Population Change in Central and Southeast Europe (1989-2050),Some Balkan countries could shrink by nearly 40% by 2050 — while one lonely nation is projected to actually grow.,Demographics & language,Modern,Europe,active,2026-07-03T13:44:35+00:00,1,posted 2026-07-03 id 2073040205750349878
(3) Instagram - Google Chrome 10_19_2025 2_33_13 PM.png,Alternate Cold War in Europe,"What if the Cold War had split Europe differently, with a Balkan Federation standing between NATO and the Warsaw Pact?",Empires & borders,Cold War,Europe,active,2026-08-15T14:47:23+00:00,1,alternate history / speculative map; posted 2026-08-15 id 2088638691224826360
(3) Instagram - Google Chrome 10_19_2025 2_33_17 PM.png,Monarchy Abolition in Europe,"From 1870 to 1973, Europe's crowns fell one by one — see exactly when and where monarchy ended across the continent.",Royal houses,Various,Europe,active,2026-07-06T08:07:19+00:00,1,posted 2026-07-06 id 2074042492706587098
(3) Instagram - Google Chrome 10_19_2025 2_33_21 PM.png,"Axis Occupation of Greece, 1943","Greece wasn't just occupied — it was carved into three separate zones by Germany, Italy, and Bulgaria.",Wars & conflicts,WWII,Europe,active,2026-08-11T19:34:13+00:00,1,posted 2026-08-11 id 2087261324036517968
(3) Instagram - Google Chrome 10_19_2025 2_33_25 PM.png,Europe in 1867,"Europe in 1867: Prussia is rising, Austria just lost, and Germany doesn't exist yet. 4 years later, everything changes.",Empires & borders,19th century,Europe,active,2026-08-10T15:30:59+00:00,1,posted 2026-08-10 id 2086837723474636940
(3) Instagram - Google Chrome 10_19_2025 2_33_27 PM.png,Europe in 1946,"Just one year after WWII ended, Europe's map already showed the fault lines of the coming Cold War.",Empires & borders,WWII,Europe,active,2026-08-11T21:14:58+00:00,1,posted 2026-08-11 id 2087286677182230857
(3) Instagram - Google Chrome 10_19_2025 2_33_33 PM.png,Division of France Proposed by William Playfair in 1793,"A British economist once drew up a plan to carve France into pieces for Austria, Prussia, Spain, and more.",Empires & borders,Early modern,Europe,active,2026-08-14T22:49:27+00:00,1,strong thread candidate; posted 2026-08-14 id 2088397619525476840
(3) Instagram - Google Chrome 10_19_2025 2_33_40 PM - Copy.png,"UN Partition Plan of Palestine, 1947","One side accepted it, one side rejected it — the 1947 map that set the stage for decades of conflict.",Wars & conflicts,1910s,Middle East,active,,0,filename indicates duplicate copy; high-engagement debate topic
(3) Instagram - Google Chrome 10_19_2025 2_33_48 PM.png,"Reconquista, 722-1449","It took nearly 800 years for Christian kingdoms to push Muslim rule out of Iberia — here's the map, decade by decade.",Wars & conflicts,Medieval,Europe,active,2026-08-17T07:31:22+00:00,1,strong thread candidate; posted 2026-08-17 id 2089253736380031412
(3) Instagram - Google Chrome 10_19_2025 2_34_05 PM.png,"Italian Ambitions in Europe, 1936",Mussolini's Italy had a wish list for Europe in 1936 — and most of the Balkans were on it.,Empires & borders,Interwar,Europe,active,,0,
(3) Instagram - Google Chrome 10_19_2025 2_34_45 PM.png,"Areas Closed to Foreigners in the Soviet Union, 1948",Most of the USSR was completely off-limits to outsiders in 1948 — the Iron Curtain had an inner curtain too.,Oddities & superlatives,Cold War,Asia,active,2026-08-02T17:31:28+00:00,1,posted 2026-08-02 id 2083968941752271162
(3) Instagram - Google Chrome 10_19_2025 2_34_58 PM.png,China vs USA Trade War in 1980 vs 2018,"In 1980 the US was almost everyone's top trading partner. By 2018, China had flipped the entire map red.",Economy & society,Modern,World,active,,0,
(3) Instagram - Google Chrome 10_19_2025 2_35_03 PM.png,"Treaty of Paris, 1783: Before and After",One treaty erased Britain's grip on most of eastern North America and put a brand-new country on the map.,Wars & conflicts,Early modern,North America,active,2026-08-13T08:00:36+00:00,1,posted 2026-08-13 id 2087811544830619868
(3) Instagram - Google Chrome 10_19_2025 2_35_07 PM.png,"Treaty of Saint-Germain, 1919",Austria-Hungary didn't just lose the war — it was dismembered into half a dozen new and expanded states.,Wars & conflicts,1910s,Europe,active,2026-08-03T07:57:44+00:00,1,posted 2026-08-03 id 2084186941260521819
(3) Instagram - Google Chrome 10_19_2025 2_35_09 PM.png,Dividing Russia in Half by Population,Half of Russia's population fits into a sliver on the western edge — the rest of that vast map is the other half.,Demographics & language,Modern,Asia,active,2026-08-11T07:45:29+00:00,1,posted 2026-08-11 id 2087082962403676412
(3) Instagram - Google Chrome 10_19_2025 2_35_11 PM.png,"Monarchy or Republic in Europe, 1714","In 1714, almost the entire continent bowed to a crown — spot the tiny republican holdouts.",Royal houses,Early modern,Europe,active,2026-07-25T09:23:21+00:00,1,"posted 2026-07-25 id 2080947000498106433; top performer wk 2026-07-26 (54,431 imp)"
(3) Instagram - Google Chrome 10_19_2025 2_35_13 PM.png,Churchill's Partition Plan of Germany,"Churchill once floated splitting Germany into North, South, and a separate Rhineland — very different from what actually happened.",Empires & borders,WWII,Europe,active,,0,alternate history / speculative map
(3) Instagram - Google Chrome 10_19_2025 2_35_15 PM.png,Alternative Allied Occupation of Italy after WW2,What if Italy had been divided into occupation zones just like Germany? Here's how that map could have looked.,Wars & conflicts,WWII,Europe,active,,0,alternate history / speculative map
(3) Instagram - Google Chrome 10_19_2025 2_35_18 PM.png,Germany's Plan for Africa after WW1,"In 1917, Germany drew up plans to claim a massive chunk of Africa — a vision that never survived the war's end.",Empires & borders,WWII,Africa,active,,0,"title says WW1, note era mismatch"
(3) Instagram - Google Chrome 10_19_2025 2_35_20 PM.png,Unification of Italy,From scattered kingdoms to one nation in just 22 years — trace Italy's unification year by year.,Empires & borders,19th century,Europe,active,2026-08-03T15:24:57+00:00,1,posted 2026-08-03 id 2084299488487756049
(3) Instagram - Google Chrome 10_19_2025 2_35_22 PM.png,Monarchy or Republic (Type of Government),Most of the world ditched its crown long ago — see exactly which countries still keep a monarch on the map today.,Royal houses,Modern,World,active,2026-07-10T17:38:16+00:00,1,posted 2026-07-10 id 2075635729531805836
(3) Instagram - Google Chrome 10_19_2025 2_35_24 PM.png,Closest Country to France,France borders more countries than you'd think when you count the tiny ones — see which nation is closest to every region.,Oddities & superlatives,Modern,Europe,active,2026-08-14T05:54:24+00:00,1,"swipe/carousel post, first of series; posted 2026-08-14 id 2088142173724143966"
(3) Instagram - Google Chrome 10_19_2025 2_35_29 PM.png,"Religions in Europe, 900 AD","A thousand years ago, Europe wasn't just Christian vs. pagan — Norse, Orthodox, and Islamic faiths all carved out their own turf.",Religion & culture,Medieval,Europe,active,2026-07-31T20:01:43+00:00,1,typo: 'Catholocism' on graphic; posted 2026-07-31 id 2083281975323066858
(3) Instagram - Google Chrome 10_19_2025 2_35_33 PM.png,Cold War Alliances in 1980,"NATO, the Warsaw Pact, and everyone in between — this is how the world split its loyalties at the height of the Cold War.",Empires & borders,Cold War,World,active,,0,
(3) Instagram - Google Chrome 10_19_2025 2_35_42 PM.png,"GDP (PPP) per Capita in Europe, 1938","On the eve of WWII, Sweden was nearly 4x richer per capita than Bulgaria — the wealth gap across Europe was staggering.",Economy & society,Interwar,Europe,active,2026-07-06T14:49:03+00:00,1,posted 2026-07-06 id 2074143595054162155
(3) Instagram - Google Chrome 10_19_2025 2_35_46 PM.png,"The Six-Day War, 1967 (June 5-10th)","In just six days, Israel seized territory from three Arab neighbors — this map tracks the advance day by day.",Wars & conflicts,Cold War,Middle East,active,2026-07-09T01:25:07+00:00,1,high-engagement debate topic; posted 2026-07-09 id 2075028441397698621
(3) Instagram - Google Chrome 10_19_2025 2_35_52 PM.png,"Korean Missile Range (Excluding the New, Untested North Korean Missile)",Almost the entire planet sits within range of Korean missiles — only one continent is in the clear.,Oddities & superlatives,Modern,World,active,2026-07-14T20:47:07+00:00,1,posted 2026-07-14 id 2077132807508460026
(3) Instagram - Google Chrome 10_19_2025 2_35_55 PM.png,Religions in the EU by Country,Zoom into the EU region by region and the religious map gets a lot more complicated than 'Catholic Europe'.,Religion & culture,Modern,Europe,active,2026-08-05T20:06:59+00:00,1,label typo 'county' should read 'country'; posted 2026-08-05 id 2085095242248679595
(3) Instagram - Google Chrome 10_19_2025 2_36_00 PM.png,EU (and UK) Divided by Equal Population,"Each of these oddly-shaped zones holds exactly 18 million people — population, not land, drew these borders.",Demographics & language,Modern,Europe,active,,0,
(3) Instagram - Google Chrome 10_19_2025 2_36_05 PM.png,"Monarchy or Republic in Spain, 2020 (July vs August)",A snap poll shows Spanish opinion flipping from monarchy to republic in just one month — what changed?,Royal houses,Modern,Europe,active,2026-07-15T13:01:40+00:00,1,swipe/carousel post; posted 2026-07-15 id 2077378061260173347
(3) Instagram - Google Chrome 10_19_2025 2_36_09 PM.png,Number of Official Languages by Country,South Africa recognizes 11 official languages — most countries on this map get by with just one.,Demographics & language,Modern,World,active,2026-08-03T11:56:03+00:00,1,"minor caption typo 'offical', duplicated forummapping watermark; posted 2026-08-03 id 2084246918591598876"
(3) Instagram - Google Chrome 10_19_2025 2_36_12 PM.png,Europe in 1000,"No France as you know it, no Germany — just the Holy Roman Empire, Kievan Rus', and a patchwork of kingdoms.",Empires & borders,Medieval,Europe,active,2026-08-16T10:48:28+00:00,1,"strong thread candidate; posted 2026-08-16 id 2088940951817617877; top performer wk 2026-08-16 (7,354 imp)"
(3) Instagram - Google Chrome 10_19_2025 2_36_18 PM.png,"Religions in Poland, 1923",Interwar Poland was far from religiously uniform — Orthodox and Greek Catholic communities dominated entire regions.,Religion & culture,Interwar,Europe,active,2026-07-09T21:08:44+00:00,1,posted 2026-07-09 id 2075326307194585107; top performer wk 2026-07-12 (131 imp)
(3) Instagram - Google Chrome 10_19_2025 2_36_21 PM.png,Europe in 1154,"The Angevin Empire, the Almohad Caliphate, Kievan Rus' — medieval Europe looked nothing like today's map.",Empires & borders,Medieval,Europe,active,2026-07-14T09:42:32+00:00,1,strong thread candidate; posted 2026-07-14 id 2076965561477587108
(3) Instagram - Google Chrome 10_19_2025 2_36_24 PM.png,"Who Controls Afghanistan, 2021 (April vs August)","In just four months, the map of Afghanistan flipped almost entirely red as the Taliban swept the country.",Wars & conflicts,Modern,Middle East,active,2026-08-05T18:03:56+00:00,1,high-engagement debate topic; posted 2026-08-05 id 2085064273051505132
(3) Instagram - Google Chrome 10_19_2025 2_36_34 PM.png,Japanese People Around the World,Brazil is home to more ethnic Japanese than any country outside Japan — 2 million and counting.,Demographics & language,Modern,World,active,2026-08-14T13:51:36+00:00,1,posted 2026-08-14 id 2088262264868487305
(3) Instagram - Google Chrome 10_19_2025 2_36_40 PM.png,Europe in 1330,The Golden Horde stretched deep into Europe's east while the Holy Roman Empire still dominated the center — a very different medieval map.,Empires & borders,Medieval,Europe,active,,0,strong thread candidate
(3) Instagram - Google Chrome 10_19_2025 2_37_23 PM.png,All the Lands Owned by France,"From Quebec to Madagascar to French Indochina — France's colonies, puppets, and spheres of influence spanned every continent.",Empires & borders,Various,World,active,2026-08-17T19:07:29+00:00,1,posted 2026-08-17 id 2089428920726950108
(3) Instagram - Google Chrome 10_19_2025 2_37_30 PM.png,Europe in 1700,The Ottomans still held the Balkans and the Holy Roman Empire dominated the center — Europe before the age of nation-states.,Empires & borders,Early modern,Europe,active,2026-07-31T23:29:32+00:00,1,"posted 2026-07-31 id 2083334276511346816; top performer wk 2026-08-02 (6,375 imp)"
(3) Instagram - Google Chrome 10_19_2025 2_37_37 PM.png,Leading Import Partners of African Countries,"China dominates imports across most of Africa today — but a few countries still lean on Europe, India, or South Korea instead.",Economy & society,Modern,Africa,active,2026-08-09T02:34:47+00:00,1,posted 2026-08-09 id 2086279998625755283
(3) Instagram - Google Chrome 10_19_2025 2_37_43 PM.png,"Ethnicities in the Habsburg Empire, 1855",No single ethnic group came close to a majority in the Habsburg Empire — a patchwork that would eventually tear itself apart.,Demographics & language,19th century,Europe,active,2026-08-16T20:46:58+00:00,1,strong thread candidate; posted 2026-08-16 id 2089091570461012082
(3) Instagram - Google Chrome 10_19_2025 2_37_46 PM.png,Europe in 1812,"At Napoleon's peak, the French Empire and its satellites swallowed most of Western Europe — this is the map right before the fall.",Empires & borders,Early modern,Europe,active,,0,
(3) Instagram - Google Chrome 10_19_2025 2_37_50 PM.png,Lands that Taiwan Claims,"Taiwan's official government still claims Mongolia and chunks of Russia, India, and Burma — a Cold War-era map nobody updated.",Oddities & superlatives,Modern,Asia,active,2026-07-09T07:36:14+00:00,1,posted 2026-07-09 id 2075121834849145013
(3) Instagram - Google Chrome 10_19_2025 2_37_53 PM.png,World Divided Equally by Population,Each colored zone on this map holds the same number of people — about 100 million — no matter how big or small it looks.,Demographics & language,Modern,World,active,2026-08-14T03:06:17+00:00,1,posted 2026-08-14 id 2088099862877438387
(3) Instagram - Google Chrome 10_19_2025 2_37_55 PM.png,Europe in 1871,"The year Germany unified, Europe's map locked into the alliance system that would eventually spark WWI.",Empires & borders,19th century,Europe,active,2026-07-25T12:52:49+00:00,1,posted 2026-07-25 id 2080999714540147080
(3) Instagram - Google Chrome 10_19_2025 2_37_59 PM.png,Countries the US is Obliged to go to War for,The US has treaty obligations to defend dozens of countries. Here's the map of who America is legally on the hook for.,Empires & borders,Cold War,World,active,2026-07-03T17:37:02+00:00,1,posted 2026-07-03 id 2073098703637029150
(3) Instagram - Google Chrome 10_19_2025 2_38_02 PM.png,Countries with Chinese Territorial Disputes,China has unresolved border or maritime disputes with nearly every one of its neighbors. See who's on the list.,Empires & borders,Modern,Asia,active,2026-08-08T20:58:42+00:00,1,posted 2026-08-08 id 2086195419235619248
(3) Instagram - Google Chrome 10_19_2025 2_38_04 PM.png,"Leaders in Europe, World War I","The cousins, kings, and generals who dragged Europe into catastrophe in 1914, mapped by country.",Royal houses,1910s,Europe,active,2026-07-19T09:40:34+00:00,1,strong thread candidate; posted 2026-07-19 id 2078777005123027368
(3) Instagram - Google Chrome 10_19_2025 2_38_09 PM.png,Second Most Spoken Languages in Poland Before WW2 by County,Interwar Poland was far more linguistically diverse than people assume. This county map proves it.,Demographics & language,Interwar,Europe,active,2026-07-13T13:53:24+00:00,1,posted 2026-07-13 id 2076666305823055986
(3) Instagram - Google Chrome 10_19_2025 2_38_22 PM.png,Germans around the World (Mostly Ancestry),43 million Americans claim German ancestry alone. Here's where the German diaspora really spread.,Demographics & language,Modern,World,active,2026-07-16T09:51:36+00:00,1,posted 2026-07-16 id 2077692616284549471
(3) Instagram - Google Chrome 10_19_2025 2_38_25 PM.png,Europe in 1942,"At the height of Axis power, this is what the continent looked like carved up. A stark snapshot before the tide turned.",Empires & borders,WWII,Europe,active,,0,
(3) Instagram - Google Chrome 10_19_2025 2_38_27 PM.png,"Casualties During WW2, Europe",27 million dead in the Soviet Union alone. This map lays bare the true human cost of WW2 country by country.,Wars & conflicts,WWII,Europe,active,2026-08-13T17:28:11+00:00,1,high-engagement debate topic; posted 2026-08-13 id 2087954380817662042
(3) Instagram - Google Chrome 10_19_2025 2_38_30 PM.png,Legality of Holocaust Denial,"In most of the world it's protected speech. In this handful of countries, denying the Holocaust is a crime.",Religion & culture,Modern,World,active,2026-07-24T20:53:10+00:00,1,high-engagement debate topic; posted 2026-07-24 id 2080758208520663500
(3) Instagram - Google Chrome 10_19_2025 2_38_34 PM.png,"Soviet Military Bases in the World, 1921-1991","From Cuba to Vietnam, the USSR's military footprint stretched across every continent. Here's the full map.",Empires & borders,Cold War,World,active,2026-07-05T13:00:08+00:00,1,posted 2026-07-05 id 2073753797487108405
(3) Instagram - Google Chrome 10_19_2025 2_38_38 PM.png,"Life Expectancy in the World, 1950","In 1950, most of Africa and Asia had a life expectancy under 40. This map shows just how much the world has changed.",Demographics & language,Various,World,active,2026-07-19T12:43:18+00:00,1,posted 2026-07-19 id 2078822989542355418
(3) Instagram - Google Chrome 10_19_2025 2_38_41 PM.png,"Places of Origin of European Dynasties, 1914",Nearly every European throne in 1914 traced back to a handful of German castles and Italian towns. Trace the royal bloodlines to their roots.,Royal houses,1910s,Europe,active,2026-07-20T17:13:15+00:00,1,strong thread candidate; posted 2026-07-20 id 2079253313405821393
(3) Instagram - Google Chrome 10_19_2025 2_38_44 PM.png,Human Sex Ratio in the World,"Some countries have millions more men than women, others the reverse. The global gender imbalance mapped.",Demographics & language,Modern,World,active,2026-08-01T11:41:59+00:00,1,posted 2026-08-01 id 2083518600653029658
(3) Instagram - Google Chrome 10_19_2025 2_38_47 PM.png,"Religions in Yugoslavia, 1931","Catholic in the northwest, Orthodox in the southeast, Muslim pockets throughout. This 1931 map explains a lot about what came later.",Religion & culture,Interwar,Europe,active,2026-07-29T21:26:05+00:00,1,posted 2026-07-29 id 2082578429380112489
(3) Instagram - Google Chrome 10_19_2025 2_39_01 PM.png,"Minorities in the German Empire, 19th century","Bismarck's Germany wasn't as German as you'd think. Poles, Danes, Sorbs, and French speakers dotted the empire's edges.",Demographics & language,19th century,Europe,active,2026-07-10T01:22:21+00:00,1,posted 2026-07-10 id 2075390131809182027
(3) Instagram - Google Chrome 10_19_2025 2_39_04 PM.png,"Monarchy or Republic in the World, 1914","On the eve of WWI, monarchy still ruled almost the entire planet. Republics were the rare exception, not the rule.",Empires & borders,1910s,World,active,2026-08-12T15:29:04+00:00,1,posted 2026-08-12 id 2087562015799734384
(3) Instagram - Google Chrome 10_19_2025 2_39_08 PM.png,Collapse of Austria-Hungary,"In a single day, one of Europe's great empires shattered into half a dozen new states. Here's the map of November 12, 1918.",Empires & borders,1910s,Europe,active,,0,strong thread candidate
(3) Instagram - Google Chrome 10_19_2025 2_39_40 PM.png,Lands that Taiwan claims,"Taiwan's official constitutional claims stretch far beyond the island itself, into Mongolia and Russia. Most people have no idea.",Empires & borders,Modern,Asia,active,2026-08-17T03:27:46+00:00,1,high-engagement debate topic; posted 2026-08-17 id 2089192436077916227
(3) Instagram - Google Chrome 10_19_2025 2_40_34 PM.png,World War I Casualties in Europe,"Russia lost 2.84 million. Germany lost even more. The staggering national death tolls of the Great War, mapped.",Wars & conflicts,1910s,Europe,active,,0,
(3) Instagram - Google Chrome 10_19_2025 2_40_38 PM.png,"Currencies in Europe, 1914","Before the euro, before even most modern currencies, Europe ran on krone, lira, and rubles. A snapshot of monetary Europe on the brink of war.",Economy & society,1910s,Europe,active,,0,
(3) Instagram - Google Chrome 10_19_2025 2_40_42 PM.png,Occupation of Yugoslavia During WW2,"Carved up between Germany, Italy, Hungary, and Bulgaria, wartime Yugoslavia barely resembled itself. See how the pieces fell.",Wars & conflicts,WWII,Europe,active,,0,
(3) Instagram - Google Chrome 10_19_2025 2_40_54 PM.png,"Indigenous Religions in Africa, 1900 vs 1990","In under a century, traditional African religions went from dominant to marginal across most of the continent. The 90-year shift mapped.",Religion & culture,Various,Africa,active,2026-08-04T20:08:33+00:00,1,posted 2026-08-04 id 2084733248953827401
(3) Instagram - Google Chrome 10_19_2025 2_41_00 PM.png,"Occupation Zones in the Rhineland, Germany after WWI","After WWI, France, Britain, and Belgium each carved out their own slice of German territory to occupy. Here's how they split it.",Wars & conflicts,1910s,Europe,active,2026-08-12T09:40:21+00:00,1,posted 2026-08-12 id 2087474257593057442
(3) Instagram - Google Chrome 10_19_2025 2_41_02 PM.png,Allied Occupation of Germany and Austria after WW2,"Four powers, four zones, one divided nation. The map that set the stage for the Cold War.",Empires & borders,WWII,Europe,active,,0,
(3) Instagram - Google Chrome 10_19_2025 2_41_04 PM.png,"Most Common Country of Birth for Foreign-Born Residents, excluding Mexico",Take Mexico out of the equation and India dominates the immigration map of the US. See which country tops each state.,Demographics & language,Modern,North America,active,2026-08-18T07:13:50+00:00,1,posted 2026-08-18 id 2089611713565859982
(3) Instagram - Google Chrome 10_19_2025 2_41_08 PM.png,Countries that are Recognized by Bhutan,Tiny Bhutan only formally recognizes a small slice of the world's nations. The diplomatic map nobody talks about.,Empires & borders,Modern,Asia,active,2026-07-28T17:14:40+00:00,1,posted 2026-07-28 id 2082152773517209986
(3) Instagram - Google Chrome 10_19_2025 2_41_10 PM.png,"Treaty of London, 1915",A secret pact promised Italy huge swaths of the Balkans for joining the Allies. Here's the map that was never fully honored.,Wars & conflicts,1910s,Europe,active,2026-08-14T11:13:15+00:00,1,posted 2026-08-14 id 2088222413846913099
(3) Instagram - Google Chrome 10_19_2025 2_41_14 PM.png,Largest Trading Partners of European Countries,"The flags tell the story: China and the US now out-trade half of Europe's own neighbors. A continent's economic ties, mapped in flags.",Economy & society,Modern,Europe,active,2026-08-07T05:56:07+00:00,1,posted 2026-08-07 id 2085605890124837357
(3) Instagram - Google Chrome 10_19_2025 2_41_16 PM.png,French Plans for Europe after WW1,"France once dreamed of breaking Germany into Bavaria, Saxony, Hannover, and more. Here's the map Paris wanted after WWI.",Empires & borders,1910s,Europe,active,2026-07-11T06:05:07+00:00,1,strong thread candidate; posted 2026-07-11 id 2075823680987546070
(3) Instagram - Google Chrome 10_19_2025 2_41_22 PM.png,Recognition of Crimea as part of Ukraine or Russia,"Global opinion on who actually owns Crimea is far from unanimous. The world's split verdict, mapped.",Empires & borders,Modern,Europe,active,2026-08-10T13:55:13+00:00,1,high-engagement debate topic; posted 2026-08-10 id 2086813619954541042
(3) Instagram - Google Chrome 10_19_2025 2_41_26 PM.png,Countries with Bigger Economy than California,California's $2.9 trillion GDP would rank it among the world's largest economies. Only a handful of nations actually beat it.,Economy & society,Modern,World,active,,0,
(3) Instagram - Google Chrome 10_19_2025 2_41_34 PM.png,Countries that were involved in the Soviet-Afghan War,It wasn't just the USSR and Afghanistan. A whole Cold War proxy network fed the decade-long conflict.,Wars & conflicts,Cold War,Middle East,active,2026-08-11T11:13:34+00:00,1,posted 2026-08-11 id 2087135328507236522
(3) Instagram - Google Chrome 10_19_2025 2_41_37 PM.png,World Divided Equally by GDP,"Slice the globe into pieces worth $1 trillion each and the map gets very strange, very fast.",Economy & society,Modern,World,active,2026-07-02T22:02:01+00:00,1,posted 2026-07-02 id 2072803001778274707
(3) Instagram - Google Chrome 10_19_2025 2_41_40 PM.png,"Chinese Civil War, 1927-1949","Watch Mao's Communists swallow the map of China in four snapshots, from a besieged minority to total victory.",Wars & conflicts,Interwar,Asia,active,,0,strong thread candidate
(3) Instagram - Google Chrome 10_19_2025 2_41_46 PM.png,Countries where their Leaders have been Killed since 1972,"From coups to assassinations, this map marks every country whose head of state met a violent end since 1972.",Oddities & superlatives,Modern,World,active,2026-08-09T09:11:14+00:00,1,high-engagement debate topic; posted 2026-08-09 id 2086379766324580543
(3) Instagram - Google Chrome 10_19_2025 2_41_53 PM.png,Countries which have Carried out a Death Penalty from 2013-2019,"The US shares this list with China, Iran, and North Korea. A sobering map of capital punishment this decade.",Economy & society,Modern,World,active,,0,high-engagement debate topic
(3) Instagram - Google Chrome 10_19_2025 2_41_58 PM.png,"Spanish Civil War, 1936-1939",Four snapshots trace the Nationalists' relentless three-year march to Madrid. Watch the Republic shrink map by map.,Wars & conflicts,Interwar,Europe,active,2026-08-07T17:22:58+00:00,1,strong thread candidate; posted 2026-08-07 id 2085778740479758461
(3) Instagram - Google Chrome 10_19_2025 2_42_02 PM.png,"GDP per Capita of China vs African countries, 1980 vs 2021",In 1980 China was poorer than most of Africa. By 2021 the entire map had flipped.,Economy & society,Modern,Africa,active,2026-08-06T03:48:43+00:00,1,posted 2026-08-06 id 2085211441703866545
(3) Instagram - Google Chrome 10_19_2025 2_42_15 PM.png,Countries that Drive on the Left Side,A colonial-era quirk still shapes traffic on every continent. Here's who kept driving on the left.,Oddities & superlatives,Modern,World,active,2026-08-15T13:07:36+00:00,1,posted 2026-08-15 id 2088613577502658656
(3) Instagram - Google Chrome 10_19_2025 2_42_19 PM.png,Europe in 1900,Five empires dominated the entire continent just 14 years before it all came crashing down. A snapshot of old Europe at its peak.,Empires & borders,19th century,Europe,active,2026-08-02T23:29:04+00:00,1,similar to Europe in 1913 map in same batch; posted 2026-08-02 id 2084058932172194184
(3) Instagram - Google Chrome 10_19_2025 2_42_24 PM.png,"Italian Civil War (Liberation of Italy), 1943-1945",Mussolini's rump state versus the Kingdom of Italy: four maps tracing the peninsula's brutal split in WW2's final years.,Wars & conflicts,WWII,Europe,active,,0,strong thread candidate
(3) Instagram - Google Chrome 10_19_2025 2_42_28 PM.png,Europe in 1859,"Before unification, Italy and Germany were patchworks of kingdoms and duchies. See the continent just before it all changed.",Empires & borders,19th century,Europe,active,2026-07-16T20:41:15+00:00,1,posted 2026-07-16 id 2077856107322810830
(3) Instagram - Google Chrome 10_19_2025 2_42_32 PM.png,"Axis Invasion of France, 1940","In just six weeks, the map of France went from free to fully occupied. Watch the Axis tide sweep across the country.",Wars & conflicts,WWII,Europe,active,,0,strong thread candidate
(3) Instagram - Google Chrome 10_19_2025 2_42_36 PM.png,Countries with lower GDP than Elon Musk's Net Worth,One man's net worth outstrips the entire economy of most nations on Earth. The map of who Musk out-earns.,Oddities & superlatives,Modern,World,active,,0,
(3) Instagram - Google Chrome 10_19_2025 2_42_42 PM.png,"Europe in 1913, After Treaty of London","One year before the guns of August, the Balkans had just been redrawn by war. Here's Europe's last peacetime map.",Empires & borders,1910s,Europe,active,2026-07-21T06:20:24+00:00,1,similar to Europe in 1900 map in same batch; posted 2026-07-21 id 2079451403081126283
(3) Instagram - Google Chrome 10_19_2025 2_42_45 PM.png,"Axis Invasion of Greece, 1941","Italy alone couldn't finish the job, so Germany and Bulgaria joined in. Watch Greece fall in four stages in April 1941.",Wars & conflicts,WWII,Europe,active,,0,strong thread candidate
(3) Instagram - Google Chrome 10_19_2025 2_42_48 PM.png,First word of the National Anthems in Europe,"From Poland's 'Unity' to Russia's silence, the opening words of national anthems reveal a lot about national identity.",Religion & culture,Modern,Europe,active,2026-08-01T15:36:04+00:00,1,posted 2026-08-01 id 2083577512668393512
(3) Instagram - Google Chrome 10_19_2025 2_42_54 PM.png,"Occupation of Poland, 1939-1945","Split neatly between Germany and the Soviet Union, Poland vanished from the map entirely under the Molotov-Ribbentrop pact.",Empires & borders,WWII,Europe,active,2026-08-07T23:05:09+00:00,1,posted 2026-08-07 id 2085864852342649230
(3) Instagram - Google Chrome 10_19_2025 2_43_00 PM.png,"Franco-Prussian War, 1870-1871",In under a year France went from confident aggressor to an empire annexed and a new Germany born. Four maps tell the whole story.,Wars & conflicts,19th century,Europe,active,,0,strong thread candidate
(3) Instagram - Google Chrome 10_19_2025 2_43_56 PM.png,"Religions in the Russian Empire, 1897 (Europe)","One census, a dozen faiths: Catholics, Protestants, Muslims, and Buddhists all coexisted inside the Tsar's borders.",Religion & culture,19th century,Europe,active,2026-07-08T20:52:07+00:00,1,posted 2026-07-08 id 2074959740237385753
(3) Instagram - Google Chrome 10_19_2025 2_43_58 PM.png,"Invasion of Yugoslavia, 1941","In just one week, the Axis powers tore the Kingdom of Yugoslavia apart. Watch the country collapse day by day.",Wars & conflicts,WWII,Europe,active,2026-07-06T01:45:22+00:00,1,strong thread candidate; posted 2026-07-06 id 2073946372571902365
(3) Instagram - Google Chrome 10_19_2025 2_44_00 PM.png,Currencies in Europe 1956,"Before the euro, Europe was a patchwork of francs, marks, and lira. Here's what your wallet needed in 1956 depending on where you stood 💶",Economy & society,Cold War,Europe,active,2026-07-17T12:55:09+00:00,1,posted 2026-07-17 id 2078101196565516655
(3) Instagram - Google Chrome 10_19_2025 2_44_04 PM.png,Liberation of France 1944,Watch the swastika get pushed off the map in four snapshots as Allied forces swept across France in the summer of 1944.,Wars & conflicts,WWII,Europe,active,2026-08-01T10:16:14+00:00,1,posted 2026-08-01 id 2083497020481032324
(3) Instagram - Google Chrome 10_19_2025 2_44_09 PM.png,"What offers Citizenship, Land or Blood?","Your passport rules depend on an ancient Roman legal split still shaping the world: are you a citizen because of where you were born, or who your parents are?",Demographics & language,Modern,World,active,,0,
(3) Instagram - Google Chrome 10_19_2025 2_44_12 PM.png,Occupation of France 1940-1944,"France wasn't just occupied, it was carved into zones, with a sliver even handed to Mussolini's Italy. Here's the map the Vichy government tried to pretend wasn't real.",Wars & conflicts,WWII,Europe,active,,0,
(3) Instagram - Google Chrome 10_19_2025 2_44_16 PM.png,Territorial Losses of Germany after both World Wars,"Two world wars, two rounds of amputation: see exactly how much land Germany lost after 1918 and again after 1945.",Wars & conflicts,WWII,Europe,active,2026-08-11T13:52:56+00:00,1,posted 2026-08-11 id 2087175433829654981
(3) Instagram - Google Chrome 10_19_2025 2_44_19 PM.png,All the lands owned by Britain,The sun never set on this empire for a reason: nearly a quarter of the globe once flew the Union Jack.,Empires & borders,Various,World,active,2026-08-09T07:31:28+00:00,1,posted 2026-08-09 id 2086354659028136351
(3) Instagram - Google Chrome 10_19_2025 2_44_22 PM.png,Religions in Yugoslavia 1991,"One country, three faiths tangled together on the eve of collapse. This religious patchwork explains a lot about the wars that followed.",Religion & culture,20th century,Europe,active,2026-07-10T10:41:39+00:00,1,high-engagement debate topic; posted 2026-07-10 id 2075530883545928092
(3) Instagram - Google Chrome 10_19_2025 2_44_27 PM.png,All the lands owned by Portugal through history,"Tiny Portugal once stitched together an empire spanning Brazil, Africa, and Asia. Here's every corner of the globe it ever claimed 🌍",Empires & borders,Various,World,active,2026-08-18T03:22:40+00:00,1,posted 2026-08-18 id 2089553540251635980
(3) Instagram - Google Chrome 10_19_2025 2_44_32 PM.png,Occupation of France 1815,"Napoleon's defeat came with a price: a foreign occupation of France carved up between Britain, Prussia, Russia, and Austria.",Wars & conflicts,19th century,Europe,active,2026-07-24T13:10:21+00:00,1,posted 2026-07-24 id 2080641739052978646
(3) Instagram - Google Chrome 10_19_2025 2_44_41 PM.png,Treaty of Versailles 1919,"Slice by slice, this is exactly how much of Germany got handed away in 1919, and why so many Germans never forgave it.",Wars & conflicts,Interwar,Europe,active,2026-07-25T20:37:43+00:00,1,"posted 2026-07-25 id 2081116709730058748; top performer wk 2026-07-26 (6,925 imp)"
(3) Instagram - Google Chrome 10_19_2025 2_44_48 PM.png,Countries that have gained independence from the United Kingdom,"From 1776 to 1980, watch the British Empire dissolve one independence day at a time.",Empires & borders,Various,World,active,,0,strong thread candidate
(3) Instagram - Google Chrome 10_19_2025 2_44_51 PM.png,All the Lands owned by the Netherlands through history,A small trading nation once held outposts from the Caribbean to Indonesia. Here's the full reach of the Dutch empire.,Empires & borders,Various,World,active,2026-08-04T03:47:41+00:00,1,posted 2026-08-04 id 2084486402893545611
(3) Instagram - Google Chrome 10_19_2025 2_44_55 PM.png,Europe in 1867,"The North German Confederation, Austria-Hungary, and a still-unified Italy: this is Europe just three years before it changed forever.",Empires & borders,19th century,Europe,active,2026-07-08T10:02:48+00:00,1,posted 2026-07-08 id 2074796332057805042
(3) Instagram - Google Chrome 10_19_2025 2_45_00 PM.png,Recognition of Israel and Palestine,"Not every country sees this conflict the same way: some recognize only Israel, some only Palestine, and most try to have it both ways.",Empires & borders,Modern,Middle East,active,,0,high-engagement debate topic
(3) Instagram - Google Chrome 10_19_2025 2_45_04 PM.png,All the Lands owned by Russia through history,"From Alaska to Manchuria, Russia's imperial footprint stretched across three continents at its peak.",Empires & borders,Various,World,active,2026-07-22T01:14:32+00:00,1,posted 2026-07-22 id 2079736818313089419
(3) Instagram - Google Chrome 10_19_2025 2_45_09 PM.png,Europe in 1654,"No Holy Roman Empire in sight yet at its full complexity, but the Ottomans, Poland-Lithuania, and Sweden were all superpowers in a Europe you'd barely recognize.",Empires & borders,Early modern,Europe,active,,0,
(3) Instagram - Google Chrome 10_19_2025 2_45_13 PM.png,D. Roosevelt's Partition Plan for Germany after World War II,FDR once floated splitting Germany into five separate countries. Here's the map that never happened.,Empires & borders,WWII,Europe,active,,0,
(3) Instagram - Google Chrome 10_19_2025 2_45_20 PM.png,More or Less Population in 2050,"By 2050, huge swaths of Europe and East Asia are projected to shrink while the Americas and Africa keep growing. Is your country on the losing side?",Demographics & language,Modern,World,active,2026-08-12T07:59:41+00:00,1,posted 2026-08-12 id 2087448925288726829
(3) Instagram - Google Chrome 10_19_2025 2_45_22 PM.png,Europe in 1795,"Poland-Lithuania is about to vanish entirely, and revolutionary France is already reshaping the map. This is Europe on the edge of chaos.",Empires & borders,Early modern,Europe,active,2026-07-27T06:52:39+00:00,1,posted 2026-07-27 id 2081633847179907455
(3) Instagram - Google Chrome 10_19_2025 2_45_25 PM.png,Proposed Allied Occupation of Japan after World War II,"The Allies almost split Japan the way they split Germany, with the Soviets, Americans, British, and Chinese each getting a slice.",Wars & conflicts,WWII,Asia,active,2026-08-15T07:06:43+00:00,1,"posted 2026-08-15 id 2088522756996354236; top performer wk 2026-08-16 (5,118 imp)"
(3) Instagram - Google Chrome 10_19_2025 2_49_49 PM.png,Europe in 1790,"Just five years before the Napoleonic wars scrambled everything, this was the old order of kingdoms and empires still standing.",Empires & borders,Early modern,Europe,excluded,,0,near-duplicate of Europe in 1795/1794/1803 in this batch
(3) Instagram - Google Chrome 10_19_2025 2_49_51 PM.png,Morgenthau Plan for Germany after World War II,"This American plan wanted to strip Germany of its industry entirely and turn it into a farming country. Thankfully, it never happened.",Empires & borders,WWII,Europe,active,2026-07-30T23:33:01+00:00,1,posted 2026-07-30 id 2082972765162971613
(3) Instagram - Google Chrome 10_19_2025 2_49_53 PM.png,Countries that have been Invaded by Britain,Only a handful of countries in the world have never been invaded by Britain at some point in history. Can you spot them?,Wars & conflicts,Various,World,active,2026-07-28T10:17:50+00:00,1,strong thread candidate; posted 2026-07-28 id 2082047874364289030
(3) Instagram - Google Chrome 10_19_2025 2_49_55 PM.png,Europe in 1803,Napoleon is rising fast and the map is already shifting. This is the calm right before the storm of the Napoleonic Wars.,Empires & borders,Early modern,Europe,excluded,,0,near-duplicate of Europe in 1795/1794/1790 in this batch
(3) Instagram - Google Chrome 10_19_2025 2_49_57 PM.png,Originally Planned Hungarian Borders by the Entente 1916-1922,Hungary lost far more land in the final treaty than even this brutal first draft proposed. Imagine losing two-thirds of your country twice.,Wars & conflicts,Interwar,Europe,active,2026-07-14T12:58:33+00:00,1,posted 2026-07-14 id 2077014888095068605
(3) Instagram - Google Chrome 10_19_2025 2_49_59 PM.png,Largest Import Partner in African Countries 2000 vs 2022,"In just two decades, China swallowed up France's old sphere of influence across Africa almost entirely.",Economy & society,Modern,Africa,active,2026-07-04T04:11:48+00:00,1,posted 2026-07-04 id 2073258450298003762
(3) Instagram - Google Chrome 10_19_2025 2_50_01 PM.png,Europe in 1794,The Reign of Terror is in full swing back in Paris while the rest of Europe's borders still look remarkably old-fashioned.,Empires & borders,Early modern,Europe,excluded,,0,near-duplicate of Europe in 1795/1790/1803 in this batch
(3) Instagram - Google Chrome 10_19_2025 2_50_03 PM.png,Italian Plans for after WW2 (Proposed by Mussolini),Mussolini dreamed of a new Roman Empire swallowing up the entire Mediterranean rim. Reality had very different plans for him.,Empires & borders,WWII,Middle East,active,2026-07-20T06:36:17+00:00,1,posted 2026-07-20 id 2079093013100323165
(3) Instagram - Google Chrome 10_19_2025 2_50_50 PM.png,Countries that have Antarctic Research Bases,"Antarctica has no citizens, but it has a surprising number of landlords planting scientific flags.",Oddities & superlatives,Modern,World,active,,0,
(3) Instagram - Google Chrome 10_19_2025 2_50_52 PM.png,Europe in 1330,"Before the Black Death reshaped everything, Kievan Rus' and a fragmented Holy Roman Empire dominated a very different medieval map.",Empires & borders,Medieval,Europe,active,2026-08-11T09:30:54+00:00,1,posted 2026-08-11 id 2087109490793759185
(3) Instagram - Google Chrome 10_19_2025 2_50_55 PM.png,Separatist Movements in China,"Xinjiang, Tibet, and Inner Mongolia: three regions where independence movements have simmered for decades under Beijing's rule.",Empires & borders,Modern,Asia,active,,0,high-engagement debate topic
(3) Instagram - Google Chrome 10_19_2025 2_50_57 PM.png,Cuban Missile Crisis 1962: Missile Range,Ninety miles of ocean was all that separated the US from Soviet missiles that could reach almost the entire country in minutes.,Wars & conflicts,Cold War,North America,active,2026-07-16T13:09:33+00:00,1,"posted 2026-07-16 id 2077742433496961236; top performer wk 2026-07-19 (1,220 imp)"
(3) Instagram - Google Chrome 10_19_2025 2_50_59 PM.png,Europe in 1942,"At the height of Nazi control, nearly the entire continent was either occupied, allied, or too afraid to resist. This is Hitler's Europe at its peak.",Empires & borders,WWII,Europe,active,2026-08-07T19:28:32+00:00,1,posted 2026-08-07 id 2085810340852564439
(3) Instagram - Google Chrome 10_19_2025 2_51_07 PM.png,Countries can hit any Place on the Earth with a Missile,Only a handful of nations possess missiles capable of reaching literally any point on the planet. The club is smaller than you'd think.,Wars & conflicts,Modern,World,active,2026-07-12T16:40:45+00:00,1,posted 2026-07-12 id 2076346031684640816
(3) Instagram - Google Chrome 10_19_2025 2_51_09 PM.png,Europe in 1650,The Thirty Years' War just ended and left the Holy Roman Empire shattered into hundreds of pieces. This is the map that redefined sovereignty itself.,Empires & borders,Early modern,Europe,active,,0,
(3) Instagram - Google Chrome 10_19_2025 2_51_17 PM.png,Europe in 1460,"Byzantium has just fallen and the Ottomans are surging while Muscovy is still just a rising regional power, not yet an empire.",Empires & borders,Medieval,Europe,active,2026-07-06T18:01:58+00:00,1,posted 2026-07-06 id 2074192143611052421
(3) Instagram - Google Chrome 10_19_2025 2_51_24 PM.png,Countries that have lost a war against birds,"Yes, this really happened: entire military campaigns launched against birds ended in humiliating defeat.",Oddities & superlatives,Various,World,active,2026-08-18T05:02:33+00:00,1,strong thread candidate; posted 2026-08-18 id 2089578676405084163
(3) Instagram - Google Chrome 10_19_2025 2_51_26 PM.png,Europe in 1700,The Great Northern War is about to erupt and the Ottomans still command a massive slice of the map that would soon start shrinking.,Empires & borders,Early modern,Europe,active,2026-07-30T07:11:02+00:00,1,posted 2026-07-30 id 2082725639753236600
(3) Instagram - Google Chrome 10_19_2025 2_51_29 PM.png,Native American Territorial Losses in the US,"From 1855 to 2022, watch a continent's worth of land shrink down to scattered fragments on the map.",Demographics & language,Various,North America,active,,0,high-engagement debate topic
(3) Instagram - Google Chrome 10_19_2025 2_51_31 PM.png,Most Popular Languages on Duolingo,"English dominates most of Europe on the app, but pockets of national pride keep Swedish, German, and French in the game.",Demographics & language,Modern,Europe,active,2026-08-13T19:33:58+00:00,1,posted 2026-08-13 id 2087986033317286026
(3) Instagram - Google Chrome 10_19_2025 2_51_34 PM.png,Europe in 1917 (on the 5th of April),"Just two days before America entered WWI, the old empires of Europe were still standing, though not for much longer.",Empires & borders,1910s,Europe,active,2026-08-12T05:54:15+00:00,1,posted 2026-08-12 id 2087417356679016745
(3) Instagram - Google Chrome 10_19_2025 2_51_39 PM.png,"Military Alliances in Europe, 1914 (June)",One assassination away from catastrophe: this is the tangled alliance system that turned a regional dispute into a world war.,Wars & conflicts,1910s,Europe,active,2026-08-07T00:23:39+00:00,1,posted 2026-08-07 id 2085522222731649065
(3) Instagram - Google Chrome 10_19_2025 2_51_41 PM.png,Europe in 1808,"Napoleon's Confederation of the Rhine has replaced the old Holy Roman Empire entirely, and his brothers are being installed as kings across the continent.",Empires & borders,Early modern,Europe,active,2026-07-23T13:16:26+00:00,1,posted 2026-07-23 id 2080280881466314840
(3) Instagram - Google Chrome 10_19_2025 2_51_44 PM.png,Languages in Switzerland,"Four languages, one tiny country, and a mountain range that quietly separates them all with surprising precision.",Demographics & language,Modern,Europe,active,2026-07-09T14:21:39+00:00,1,posted 2026-07-09 id 2075223862556434491
(3) Instagram - Google Chrome 10_19_2025 2_51_48 PM.png,Countries mentioned or referred in the Bible,"From Egypt to Persia, here's every modern country that gets a shoutout somewhere in the pages of the Bible.",Religion & culture,Antiquity,Middle East,active,2026-07-23T17:07:19+00:00,1,posted 2026-07-23 id 2080338985872769260
(3) Instagram - Google Chrome 10_19_2025 2_51_52 PM.png,Europe during Cold War (April 1949),NATO just formed and the Iron Curtain is freshly drawn: this is the exact month the Cold War map snapped into place.,Empires & borders,Cold War,Europe,active,2026-08-14T09:34:52+00:00,1,posted 2026-08-14 id 2088197653473468496
(3) Instagram - Google Chrome 10_19_2025 2_51_56 PM.png,Germans in Czechia 1930,"Before the Sudeten crisis made headlines, ethnic Germans already made up huge majorities across Czechoslovakia's borderlands.",Demographics & language,Interwar,Europe,active,2026-08-02T21:24:25+00:00,1,high-engagement debate topic; posted 2026-08-02 id 2084027564071260480
(3) Instagram - Google Chrome 10_19_2025 2_52_01 PM.png,What Language do Europeans want to learn?,"Spanish dominates almost the entire continent's wishlist, except for a few holdouts clinging to French, German, or Russian.",Demographics & language,Modern,Europe,active,2026-08-04T14:59:56+00:00,1,posted 2026-08-04 id 2084655579981881458
(3) Instagram - Google Chrome 10_19_2025 2_52_04 PM.png,Europe in 1210,"The Angevin Empire still stretches across Britain and France, and the Fourth Crusade has just carved up Byzantium into crusader states.",Empires & borders,Medieval,Europe,active,,0,
(3) Instagram - Google Chrome 10_19_2025 2_52_08 PM.png,Hungarian Territorial Expansion During World War II,"Hungary clawed back huge chunks of its lost territory by allying with Hitler, before losing it all again in 1945.",Wars & conflicts,WWII,Europe,active,,0,
(3) Instagram - Google Chrome 10_19_2025 2_52_12 PM.png,Europe in 1124,Kievan Rus' towers over a fractured Iberia while the Holy Roman Empire dominates the center — this is Europe before nation-states existed 🗺️,Empires & borders,Medieval,Europe,active,,0,
(3) Instagram - Google Chrome 10_19_2025 2_52_15 PM.png,"Finnish Civil War, 1918",Reds vs Whites: how a few brutal months in 1918 decided whether Finland would go socialist or stay independent.,Wars & conflicts,1910s,Europe,active,2026-08-03T21:39:22+00:00,1,posted 2026-08-03 id 2084393714022305828
(3) Instagram - Google Chrome 10_19_2025 2_52_22 PM.png,Most Consumed Alcoholic Beverage in Europe,"Wine, beer, or spirits — your drink of choice basically reveals your latitude. Where does your country land?",Demographics & language,Modern,Europe,active,,0,
(3) Instagram - Google Chrome 10_19_2025 2_52_24 PM.png,Europe in 1420,"The Ottomans are already knocking, the Golden Horde still looms, and the Holy Roman Empire sprawls across the center — a snapshot right before everything changes.",Empires & borders,Medieval,Europe,active,,0,
(3) Instagram - Google Chrome 10_19_2025 2_52_29 PM.png,Countries Where Netflix Is Available,There's a huge black hole in the middle of Eurasia where Netflix simply doesn't exist. Guess which countries got left out.,Economy & society,Modern,World,active,2026-08-04T11:03:14+00:00,1,posted 2026-08-04 id 2084596013323395246
(3) Instagram - Google Chrome 10_19_2025 2_52_33 PM.png,Europe in 1521,"Spain unified, the Ottomans creeping into the Balkans, and a patchwork Holy Roman Empire holding the center — Europe right as the Reformation is about to explode.",Empires & borders,Early modern,Europe,active,,0,
(3) Instagram - Google Chrome 10_19_2025 2_52_37 PM.png,Passports of European Countries,Ever noticed almost every EU passport is red or maroon? There's a surprisingly political reason why 📕,Oddities & superlatives,Modern,Europe,active,2026-07-02T17:53:27+00:00,1,strong thread candidate; posted 2026-07-02 id 2072740447278281083; top performer wk 2026-07-05 (88 imp)
(3) Instagram - Google Chrome 10_19_2025 2_52_39 PM.png,"Europe During World War II, 1944 December 15",By late 1944 the map was already collapsing for Germany — the Soviets are storming in and Finland has flipped sides. Here's Europe just weeks before the endgame.,Wars & conflicts,WWII,Europe,active,,0,
(3) Instagram - Google Chrome 10_19_2025 2_52_42 PM.png,"Collapse of the German Empire, November 26 1918","Within weeks of losing WWI, Germany fractured into a patchwork of soviet republics and monarchist holdouts. Here's the chaos of November 1918.",Wars & conflicts,1910s,Europe,active,,0,
(3) Instagram - Google Chrome 10_19_2025 2_52_44 PM.png,Second Most Popular Languages on Duolingo,German dominates as Europe's runner-up language obsession — but a few countries buck the trend entirely. Can you spot them?,Demographics & language,Modern,Europe,active,2026-07-27T14:03:45+00:00,1,posted 2026-07-27 id 2081742339098476636
(3) Instagram - Google Chrome 10_19_2025 2_52_46 PM.png,Europe in 1923,"Fresh borders everywhere: the Soviet Union, a reborn Poland, and a shrunken Austria-Hungary carved into pieces. This is Europe just after WWI reshuffled everything.",Empires & borders,Interwar,Europe,active,2026-08-08T22:57:29+00:00,1,"posted 2026-08-08 id 2086225312065675487; top performer wk 2026-08-09 (2,119 imp)"
(3) Instagram - Google Chrome 10_19_2025 2_52_51 PM.png,"Population in European Countries, 1923",Germany still had over 60 million people right after losing a world war — the population numbers behind interwar Europe might surprise you.,Demographics & language,Interwar,Europe,active,2026-08-08T13:26:28+00:00,1,"posted 2026-08-08 id 2086081608956747978; top performer wk 2026-08-09 (2,797 imp)"
(3) Instagram - Google Chrome 10_19_2025 2_52_53 PM.png,"Europe in 1920, August","Poland, the Baltics, and a dozen new states just carved out of empires — this is Europe barely a year after the Great War ended, still finding its shape.",Empires & borders,Interwar,Europe,active,2026-07-19T16:40:21+00:00,1,posted 2026-07-19 id 2078882644545167365
(3) Instagram - Google Chrome 10_19_2025 2_52_57 PM.png,"Treaty of Trianon Applied to Other Countries (Propaganda Map, 1921)","What if the punishing Treaty of Trianon had been applied to the USA, UK, or France instead of Hungary? This 1921 propaganda map imagined exactly that.",Wars & conflicts,1910s,Europe,active,2026-07-07T10:42:09+00:00,1,high-engagement debate topic; posted 2026-07-07 id 2074443849494073518
(3) Instagram - Google Chrome 10_19_2025 2_53_01 PM.png,Population in European Countries in 1858 (Excluding Colonies),"No country labels here, just raw numbers — but the population gaps across 1858 Europe still tell a striking story.",Demographics & language,19th century,Europe,active,2026-08-09T11:01:46+00:00,1,"no country name labels, numbers only; posted 2026-08-09 id 2086407583544553503"
(3) Instagram - Google Chrome 10_19_2025 2_53_05 PM.png,"Europe During World War I, May 1 1915","The Central Powers, the Entente, and a dozen still-neutral states — this is the map of Europe less than a year into the war that changed everything.",Wars & conflicts,1910s,Europe,active,2026-08-15T18:56:11+00:00,1,posted 2026-08-15 id 2088701302838829131
(3) Instagram - Google Chrome 10_19_2025 2_53_08 PM.png,"Collapse of Austria-Hungary, June 15 1919","One empire, six brand-new countries — including a short-lived Soviet Republic of Hungary. Here's the chaotic breakup of Austria-Hungary in real time.",Empires & borders,1910s,Europe,active,,0,title text on graphic has typo 'Autria-Hungary'
(3) Instagram - Google Chrome 10_19_2025 2_53_15 PM.png,German Empire in 1871: Constituent States,"Germany wasn't one country in 1871 — it was 25+ kingdoms, duchies, and free cities stitched together under Prussia. Here's the patchwork.",Empires & borders,19th century,Europe,active,2026-08-15T04:56:36+00:00,1,"posted 2026-08-15 id 2088490013533323548; top performer wk 2026-08-16 (17,024 imp)"
(3) Instagram - Google Chrome 10_19_2025 2_53_17 PM.png,"Best-Selling Phones in the World, May 2022","Samsung rules more of the map than you'd think, but Xiaomi, Huawei, and even a local African brand are quietly dominating whole regions.",Economy & society,Modern,World,active,,0,
(3) Instagram - Google Chrome 10_19_2025 2_53_19 PM.png,Europe in 1860,"Italy isn't unified yet, Germany is still 'Prussia and friends,' and the Habsburgs still rule half of Central Europe — Europe right before it all changed.",Empires & borders,19th century,Europe,active,2026-08-02T04:03:33+00:00,1,"posted 2026-08-02 id 2083765619166470150; top performer wk 2026-08-02 (6,700 imp)"
(3) Instagram - Google Chrome 10_19_2025 2_53_21 PM.png,"Vietnam War, April 1969","North vs South, right in the middle of America's most divisive war — here's Vietnam split down the DMZ in 1969.",Wars & conflicts,Cold War,Asia,active,2026-08-10T05:54:41+00:00,1,posted 2026-08-10 id 2086692690901573636
(3) Instagram - Google Chrome 10_19_2025 2_53_24 PM.png,Europe in 1767,"No Poland-Lithuania partition yet, no unified Germany or Italy — this is Europe just before the Enlightenment monarchies started falling apart.",Empires & borders,Early modern,Europe,active,2026-08-08T05:17:49+00:00,1,"posted 2026-08-08 id 2085958637785350510; top performer wk 2026-08-09 (19,855 imp)"
(3) Instagram - Google Chrome 10_19_2025 2_53_30 PM.png,"Treaty of Neuilly-sur-Seine, 1919",Bulgaria lost land to Serbia and Greece in one of the most overlooked WWI peace treaties. Here's exactly what it cost them.,Wars & conflicts,1910s,Europe,active,2026-08-02T11:41:48+00:00,1,posted 2026-08-02 id 2083880943807553813
(3) Instagram - Google Chrome 10_19_2025 2_53_37 PM.png,Leaders of European Countries in 1936,"Stalin, Hitler, Mussolini, and Atatürk all ruling at the same time — this map of 1936 Europe reads like a highlight reel of history's most infamous names.",Royal houses,Interwar,Europe,active,2026-07-11T20:35:20+00:00,1,high-engagement debate topic; posted 2026-07-11 id 2076042676982460898
(3) Instagram - Google Chrome 10_19_2025 2_53_39 PM.png,"Europe in 1742, During War of the Austrian Succession",A war over a woman's right to inherit a throne redrew the map of Central Europe. Here's what it looked like mid-fight.,Wars & conflicts,Early modern,Europe,active,2026-07-21T10:10:19+00:00,1,posted 2026-07-21 id 2079509265371296142
(3) Instagram - Google Chrome 10_19_2025 2_53_42 PM.png,"Gulags in the Soviet Union, 1930-1960",Hundreds of labor camps scattered across an entire continent-sized country — this map of Soviet gulags is as haunting as it is vast.,Wars & conflicts,Cold War,Asia,active,2026-08-01T17:30:27+00:00,1,sensitive/dark topic - review; posted 2026-08-01 id 2083606298306674980
(3) Instagram - Google Chrome 10_19_2025 2_53_44 PM.png,Top Google Autocomplete Result for 'Why Does [Country]...?' (Hungarian Google),"Hungarian Google users apparently think every country either 'wants Ukraine,' 'hates Morocco,' or just 'exists.' The results are painfully funny.",Oddities & superlatives,Modern,Europe,active,,0,strong thread candidate
(3) Instagram - Google Chrome 10_19_2025 2_53_47 PM.png,Europe in 1032,"Kievan Rus' is a giant, the Byzantine Empire still holds the Balkans, and Iberia is a patchwork of tiny Christian kingdoms — deep medieval Europe.",Empires & borders,Medieval,Europe,active,,0,
(3) Instagram - Google Chrome 10_19_2025 2_53_54 PM.png,Top Import Partners of European Countries in 2020,"China's flag blankets most of the map — but a few countries are still quietly loyal to Germany, the US, or their neighbors.",Economy & society,Modern,Europe,active,,0,
(3) Instagram - Google Chrome 10_19_2025 2_53_56 PM.png,"Europe in 1618, Before the Thirty Years' War",This is the calm before Europe's bloodiest religious war — a fragile balance of empires about to be shattered for thirty straight years.,Wars & conflicts,Early modern,Europe,active,,0,
(3) Instagram - Google Chrome 10_19_2025 2_53_59 PM.png,"Religions in the German Empire, 1895","Protestant north, Catholic south — the 1895 religious divide in Germany explains a lot about the country's politics even today.",Religion & culture,19th century,Europe,active,2026-07-05T20:43:55+00:00,1,posted 2026-07-05 id 2073870513500537335
(3) Instagram - Google Chrome 10_19_2025 2_54_09 PM.png,The European Union,"Members, candidates, and countries stuck in permanent limbo — here's the full status of every country's relationship with the EU.",Empires & borders,Modern,Europe,active,,0,label typo 'Negoatiations' on graphic
(3) Instagram - Google Chrome 10_19_2025 2_54_15 PM.png,Religion by Country in the World,"Christianity blankets more of the globe than any other religion, but atheism quietly rules an entire East Asian superpower.",Religion & culture,Modern,World,active,2026-07-12T12:45:17+00:00,1,posted 2026-07-12 id 2076286775727894812
(3) Instagram - Google Chrome 10_19_2025 2_54_20 PM.png,Europe in 1485,"The Wars of the Roses just ended, the Ottomans are surging, and Moscow is rising fast — Europe on the eve of the age of exploration.",Empires & borders,Medieval,Europe,active,2026-07-13T06:42:03+00:00,1,posted 2026-07-13 id 2076557750113292350
(3) Instagram - Google Chrome 10_19_2025 2_54_22 PM.png,"Which One Is Googled More: Bible vs Quran (Google Trends, Last 30 Days)","One search bar, two holy books — the map of who's Googling the Bible versus the Quran splits almost exactly where you'd expect… and where you wouldn't.",Religion & culture,Modern,World,active,2026-07-16T06:08:05+00:00,1,high-engagement debate topic; posted 2026-07-16 id 2077636369191522335
(3) Instagram - Google Chrome 10_19_2025 2_54_26 PM.png,Top Google Autocomplete Result for 'Why Is [Country] So...?' (Hungarian Google),"According to Hungarian Google, some countries are just 'rich,' others are 'poor,' and one is apparently just 'hot.' The stereotypes write themselves.",Oddities & superlatives,Modern,Europe,active,2026-07-27T20:57:51+00:00,1,"duplicate theme of 2_53_44 PM (different query), strong thread candidate; posted 2026-07-27 id 2081846548699213869"
(3) Instagram - Google Chrome 10_19_2025 2_54_32 PM.png,Europe in 1806,Napoleon's puppet Confederation of the Rhine takes center stage while old empires get squeezed — this is Europe at peak Napoleonic reshuffling.,Empires & borders,Early modern,Europe,active,,0,
(3) Instagram - Google Chrome 10_19_2025 2_54_42 PM.png,Leaders of European Countries in 1936,"Stalin, Hitler, Mussolini staring out from a continent about to burn — this photo-collage map of 1936 hits differently than a color-coded one.",Royal houses,Interwar,Europe,active,2026-07-29T23:30:09+00:00,1,high-engagement debate topic; posted 2026-07-29 id 2082609654350418402
(3) Instagram - Google Chrome 10_19_2025 2_54_46 PM.png,Europe in 1314,The Golden Horde stretches endlessly east while the Holy Roman Empire and a young Kingdom of Hungary hold the center — high medieval Europe in full color.,Empires & borders,Medieval,Europe,active,2026-08-06T14:52:54+00:00,1,posted 2026-08-06 id 2085378586840621209
(3) Instagram - Google Chrome 10_19_2025 2_54_52 PM.png,"Europe in 1721, After the Great Northern War",Sweden's empire just collapsed and Russia stepped into its place as the dominant Baltic power — this is the map that made Russia a European superpower.,Wars & conflicts,Early modern,Europe,active,2026-08-08T09:10:01+00:00,1,posted 2026-08-08 id 2086017071918297517
(3) Instagram - Google Chrome 10_19_2025 2_54_56 PM.png,Countries That Claimed to Be the Successor of the Roman Empire,"From France to Russia, half of Europe has at some point claimed to be Rome's true heir. The list is longer — and stranger — than you'd expect.",Oddities & superlatives,Various,Europe,active,2026-07-25T01:18:28+00:00,1,strong thread candidate; posted 2026-07-25 id 
(3) Instagram - Google Chrome 10_19_2025 2_55_00 PM.png,"Europe in 1941, During WWII on the 5th of December","Nazi Germany at its territorial peak, just one day before Pearl Harbor changes the entire war — this is the map at its most terrifying.",Wars & conflicts,WWII,Europe,active,2026-07-23T06:22:01+00:00,1,"posted 2026-07-23 id 2080176588075778239; top performer wk 2026-07-26 (4,798 imp)"
(3) Instagram - Google Chrome 10_19_2025 2_55_05 PM.png,First Europeans to Set Foot in Central America and the Caribbean,"Long before national borders existed here, these are the actual conquistadors and explorers who first landed on each stretch of coastline.",Empires & borders,Early modern,North America,active,,0,
(3) Instagram - Google Chrome 10_19_2025 2_55_08 PM.png,Most Studied Language in Europe (Except English),"Swedish students overwhelmingly study... Swedish-adjacent obscurity, while French dominates half the continent. The runner-up language map is wild.",Demographics & language,Modern,Europe,active,,0,
(3) Instagram - Google Chrome 10_19_2025 2_55_11 PM.png,Europe in 1900,"The last calm map before two world wars — empires at their peak, borders that were about to be redrawn forever within two decades.",Empires & borders,19th century,Europe,active,2026-08-13T05:55:46+00:00,1,posted 2026-08-13 id 2087780127795253430
(3) Instagram - Google Chrome 10_19_2025 2_55_15 PM.png,"Monarchy or Republic in Europe, 1923","Right after WWI toppled four empires, Europe was still nearly split down the middle between kings and republics. Guess which side won out long-term.",Royal houses,Interwar,Europe,active,2026-07-18T20:34:52+00:00,1,posted 2026-07-18 id 2078579277004754981
(3) Instagram - Google Chrome 10_19_2025 2_55_20 PM.png,German Plans After WW2 in Europe: 'Lebensraum',Generalplan Ost in one chilling map — this was the actual Nazi blueprint for colonizing Eastern Europe if Germany had won.,Wars & conflicts,WWII,Europe,active,,0,sensitive/dark topic - review
(3) Instagram - Google Chrome 10_19_2025 2_55_22 PM.png,"Driving Direction in Europe, 1923",Left-hand driving used to be way more common in Europe than it is now — this 1923 map shows just how mixed (and striped) the continent once was.,Oddities & superlatives,Interwar,Europe,active,2026-07-30T03:41:11+00:00,1,posted 2026-07-30 id 2082672828051046825
(3) Instagram - Google Chrome 10_19_2025 2_55_24 PM.png,Europe in 1570,"The Ottomans at their peak, the Dutch Revolt just starting, and the Holy Roman Empire still fractured — Europe on the brink of a new religious war era.",Empires & borders,Early modern,Europe,active,2026-08-01T19:42:28+00:00,1,"posted 2026-08-01 id 2083639519191142608; top performer wk 2026-08-02 (6,145 imp)"
(3) Instagram - Google Chrome 10_19_2025 2_55_28 PM.png,'Which New Language Would You Like to Learn?' in the EU + UK,Spanish is the overwhelming dream language across most of Europe — except for a few holdouts stubbornly choosing German or French instead.,Demographics & language,Modern,Europe,active,,0,
(3) Instagram - Google Chrome 10_19_2025 2_55_40 PM.png,"Polish Language Frequency in Poland, 1931",Interwar Poland's borders held millions who didn't speak Polish. This 1931 map explains a lot about what came after 🇵🇱,Demographics & language,Interwar,Europe,active,,0,
(3) Instagram - Google Chrome 10_19_2025 2_55_43 PM.png,"Population in European Countries, 1907 (Excluding Colonies)",182 million people in one empire alone: this is Europe's population map right before WWI reshaped everything.,Demographics & language,1910s,Europe,active,,0,
(3) Instagram - Google Chrome 10_19_2025 2_55_49 PM.png,Europe in 1682 (Before the Great Turkish War),One war changed the entire map of Eastern Europe. Here's what the continent looked like right before the Ottomans overreached.,Empires & borders,Early modern,Europe,active,2026-08-16T13:09:25+00:00,1,strong thread candidate; posted 2026-08-16 id 2088976424765947966
(3) Instagram - Google Chrome 10_19_2025 2_55_52 PM.png,The Oldest University in Each European Country,"Some of these universities have been teaching students since the 1000s, centuries before their countries even existed.",Religion & culture,Various,Europe,active,2026-07-17T20:40:04+00:00,1,"strong thread candidate; posted 2026-07-17 id 2078218197438779782; top performer wk 2026-07-19 (8,108 imp)"
(3) Instagram - Google Chrome 10_19_2025 2_55_54 PM.png,"Leaders in Europe, 1900","One cousin, three crowns: see who ruled Europe right before the century that would tear their family tree apart.",Royal houses,1910s,Europe,active,2026-07-26T20:42:41+00:00,1,era note: map says 1900 but categorized as pre-WWI period; posted 2026-07-26 id 2081480345187176850
(3) Instagram - Google Chrome 10_19_2025 2_55_57 PM.png,Europe in 1836,"Europe in 1836: Germany is 39 different countries, Italy is a patchwork, and Hungary is quietly outlined inside the Habsburg Empire. Part of our 'Europe in...' series 🗺️",Empires & borders,19th century,Europe,active,2026-07-17T01:18:35+00:00,1,"part of 'Europe in [year]' series - strong thread candidate; posted 2026-07-17 id 2077925899383849275; top performer wk 2026-07-19 (1,138 imp)"
(3) Instagram - Google Chrome 10_19_2025 2_56_02 PM.png,Europe in 1836,"Hungary as its own labeled power, Two Sicilies still on the map: this is Europe frozen a decade before the revolutions of 1848.",Empires & borders,19th century,Europe,active,,0,
(3) Instagram - Google Chrome 10_19_2025 2_56_06 PM.png,Army Symbols of European Countries,"Every army has a badge, and some of these crests date back centuries. Can you name each country from its emblem alone?",Empires & borders,Modern,Europe,active,2026-08-09T21:02:03+00:00,1,posted 2026-08-09 id 2086558648210513930
(3) Instagram - Google Chrome 10_19_2025 2_56_08 PM.png,"Which One Is Googled More: Ukraine vs Russia (Google Trends, Last 8 Months)","The world is quietly split down the middle on which country it searches more, and the pattern is not what you'd expect.",Demographics & language,Modern,World,active,,0,
(3) Instagram - Google Chrome 10_19_2025 2_56_11 PM.png,West and South Asia in 1836,"From the Ottomans to the Qing, this map captures a vanished world of khanates and empires stretching across two continents.",Empires & borders,19th century,Asia,active,,0,
(3) Instagram - Google Chrome 10_19_2025 2_56_14 PM.png,Main Import Partner of Each US State in 2020,"Canada dominates the north, Mexico rules the southwest, and China quietly wins over more states than you'd guess.",Economy & society,Modern,North America,active,2026-07-22T17:04:23+00:00,1,posted 2026-07-22 id 2079975858723307621
(3) Instagram - Google Chrome 10_19_2025 2_56_17 PM.png,GDP Per Capita of China Compared to Other Countries in 1999,In 1999 almost the entire world was richer per person than China. Look how much of the map has flipped since then.,Economy & society,Modern,World,active,2026-07-05T10:00:54+00:00,1,posted 2026-07-05 id 2073708691262472447
(3) Instagram - Google Chrome 10_19_2025 2_56_19 PM.png,Europe in 1804,"Napoleon hadn't even crowned himself emperor yet, but the map was already being redrawn beneath his feet.",Empires & borders,19th century,Europe,active,,0,
(3) Instagram - Google Chrome 10_19_2025 2_56_22 PM.png,Chinese High-Speed Railways: 2008 vs 2020,"In 2008 China barely had a rail line to speak of. Twelve years later, this is the fastest-built network on Earth.",Economy & society,Modern,Asia,active,,0,
(3) Instagram - Google Chrome 10_19_2025 2_56_24 PM.png,Coat of Arms of European Countries,"Lions, eagles, and crosses: every European flag hides a coat of arms with centuries of history behind it.",Religion & culture,Various,Europe,active,2026-08-03T20:10:30+00:00,1,posted 2026-08-03 id 2084371351125528910
(3) Instagram - Google Chrome 10_19_2025 2_56_28 PM.png,West and South Asia in 1700,"Before empires, this was a patchwork of khanates and dynasties stretching from the Ottomans to the Mughals.",Empires & borders,Early modern,Asia,active,,0,
(3) Instagram - Google Chrome 10_19_2025 2_56_31 PM.png,Abolition of Monarchy in Europe,"Iceland waited until 1944, but most of Europe's crowns fell within a single generation. See exactly when and why.",Royal houses,Various,Europe,active,2026-07-07T17:48:37+00:00,1,strong thread candidate; posted 2026-07-07 id 2074551170908004818
(3) Instagram - Google Chrome 10_19_2025 2_56_37 PM.png,Countries That Have Been Bombed by the US (1946 to 2022),"One map, 76 years of history: see every country that has felt a US bomb since the end of WWII.",Wars & conflicts,Cold War,World,active,2026-07-13T01:19:00+00:00,1,high-engagement debate topic; posted 2026-07-13 id 2076476454754250857
(3) Instagram - Google Chrome 10_19_2025 2_56_41 PM.png,Europe in 1295,"Before nation-states, Europe was a mosaic of kingdoms, khanates, and crusader remnants. Here's the full picture.",Empires & borders,Medieval,Europe,active,2026-07-12T06:23:42+00:00,1,strong thread candidate; posted 2026-07-12 id 2076190744407093371
(3) Instagram - Google Chrome 10_19_2025 2_56_47 PM.png,UN Members Vote to Condemn Russia's Annexation of Ukrainian Territory,"When the UN voted on this, most of the world sided together, but a handful of holdouts tell their own story.",Wars & conflicts,Modern,World,active,2026-07-20T01:18:42+00:00,1,high-engagement debate topic; posted 2026-07-20 id 2079013094517604459
(3) Instagram - Google Chrome 10_19_2025 2_56_50 PM.png,Countries Which Claim to Be Democratic,Almost every country on Earth calls itself a democracy. Only a tiny handful refuse to even make the claim.,Economy & society,Modern,World,active,,0,
(3) Instagram - Google Chrome 10_19_2025 2_56_53 PM.png,"Polish Language in the Former Second Polish Republic, 1936",This map shows exactly where Polish was spoken right before the borders were violently redrawn by WWII.,Demographics & language,Interwar,Europe,active,2026-07-14T16:58:32+00:00,1,strong thread candidate; posted 2026-07-14 id 2077075284109513072
(3) Instagram - Google Chrome 10_19_2025 2_56_56 PM.png,European Countries' Previous Flag,"Before their current flags, these nations flew banners of empires, unions, and regimes long gone. Can you recognize them all?",Empires & borders,Various,Europe,active,2026-08-02T19:42:37+00:00,1,posted 2026-08-02 id 2084001945757384799
(3) Instagram - Google Chrome 10_19_2025 2_56_59 PM.png,"Europe on June 1st, 1941","Weeks before Operation Barbarossa, this is the map of a continent about to erupt into its bloodiest chapter yet.",Wars & conflicts,WWII,Europe,active,,0,strong thread candidate
(3) Instagram - Google Chrome 10_19_2025 2_57_08 PM.png,"Europe in 1812, During the Napoleonic Wars","At its absolute peak, the French Empire stretched further than most people realize. This is Napoleon's Europe.",Wars & conflicts,19th century,Europe,active,2026-07-04T20:40:52+00:00,1,strong thread candidate; posted 2026-07-04 id 2073507355300372902
(3) Instagram - Google Chrome 10_19_2025 2_57_12 PM.png,Some Former National Capitals in Europe,"Before Paris and Berlin took over, cities like Turku, Toledo, and Cetinje once ruled entire nations.",Empires & borders,Various,Europe,active,,0,
(3) Instagram - Google Chrome 10_19_2025 2_57_16 PM.png,Inflation Rate in European Countries,"One country's inflation rate hit an eye-watering 85%, while its neighbors sit calmly in the single digits.",Economy & society,Modern,Europe,active,2026-07-20T10:36:29+00:00,1,posted 2026-07-20 id 2079153462655193372
(3) Instagram - Google Chrome 10_19_2025 2_57_22 PM.png,Population Change in Europe from 1960 to 2020,One country's population grew by 211% while another actually shrank. Sixty years of demographic winners and losers.,Demographics & language,Modern,Europe,active,2026-07-20T20:56:47+00:00,1,posted 2026-07-20 id 2079309569050771786
(3) Instagram - Google Chrome 10_19_2025 2_57_24 PM.png,Number of Venomous Animals in the World,"Brazil and the US top the charts with dozens of venomous species, while some countries have almost none at all.",Oddities & superlatives,Modern,World,active,2026-08-07T09:31:04+00:00,1,posted 2026-08-07 id 2085659983346123232
(3) Instagram - Google Chrome 10_19_2025 2_57_26 PM.png,"GDP Per Capita in Capitalist vs Socialist Countries, 1989","Right before the Iron Curtain fell, the wealth gap between East and West Europe was almost ten times over.",Economy & society,Cold War,Europe,active,2026-07-09T10:52:38+00:00,1,strong thread candidate; posted 2026-07-09 id 2075171262377431269
(3) Instagram - Google Chrome 10_19_2025 2_57_39 PM.png,Number of Nobel Prize Laureates by European Country,One country alone has produced 138 Nobel laureates. Guess which nation dominates this map before you look.,Oddities & superlatives,Various,Europe,active,2026-07-12T09:39:28+00:00,1,posted 2026-07-12 id 2076240012715102524
(3) Instagram - Google Chrome 10_19_2025 2_57_42 PM.png,"Government Debt of European Countries, 2021","One country's debt sits at over 150% of GDP, more than double some of its neighbors. See who's drowning and who isn't.",Economy & society,Modern,Europe,active,2026-08-12T21:12:59+00:00,1,posted 2026-08-12 id 2087648563014594986
(3) Instagram - Google Chrome 10_19_2025 2_57_48 PM.png,"Percentage of People Who Think Their Country's EU Membership Is a Good Thing, 2018",Ireland loves the EU more than almost anyone else in Europe. See which countries are far less convinced.,Economy & society,Modern,Europe,active,,0,
(3) Instagram - Google Chrome 10_19_2025 2_57_57 PM.png,Countries Which Can Enter the US Without a Visa,"Most of the world needs a visa to enter the US, but this map shows the surprisingly short list that doesn't.",Economy & society,Modern,World,active,,0,
(3) Instagram - Google Chrome 10_19_2025 2_58_12 PM.png,"Gasoline Prices in European Countries, Per Liter (2023 01 09)","Fill up in Russia for under a dollar a liter, or pay nearly triple that just across the border in Scandinavia.",Economy & society,Modern,Europe,active,2026-08-12T19:36:21+00:00,1,posted 2026-08-12 id 2087624246025396384
(3) Instagram - Google Chrome 10_19_2025 2_58_59 PM.png,Percentage of Population Not Having an Indoor Flushing Toilet,"In parts of Europe, over a quarter of the population still lacks a basic indoor toilet in the 21st century.",Demographics & language,Modern,Europe,active,2026-08-07T13:48:36+00:00,1,"posted 2026-08-07 id 2085724791730733455; top performer wk 2026-08-09 (15,618 imp)"
(3) Instagram - Google Chrome 10_8_2025 1_56_40 PM.png,"House Price Growth in Europe, 2010 to 2022","One country's housing market grew over 100% in real terms, while another actually got cheaper. Where do you live?",Economy & society,Modern,Europe,active,2026-08-18T01:57:40+00:00,1,posted 2026-08-18 id 2089532148059386260
(3) Instagram - Google Chrome 7_9_2025 2_55_33 PM.png,Most Common Surname in European Countries,"Smith, Muller, Ivanov: every country's most common surname reveals whether it comes from a job, a place, or a father's name.",Demographics & language,Various,Europe,active,2026-07-22T10:10:16+00:00,1,posted 2026-07-22 id 2079871641577017503
(3) Instagram - Google Chrome 9_10_2025 2_21_43 PM.png,Telephone Codes in Europe,Every country dialed a different number after WWII carved up the continent's phone networks. Can you match the codes?,Oddities & superlatives,Modern,Europe,active,2026-07-10T13:48:20+00:00,1,posted 2026-07-10 id 2075577865781772324; top performer wk 2026-07-12 (130 imp)
(3) Instagram - Google Chrome 9_17_2025 3_28_18 PM.png,Percentage of People Who Have Read a Book in the Past 12 Months,"Scandinavians are reading more than ever, while some countries barely crack a third. The reading divide is stark.",Demographics & language,Modern,Europe,active,2026-07-05T01:31:12+00:00,1,posted 2026-07-05 id 2073580420600402040
(3) Instagram - Google Chrome 9_8_2025 11_17_09 AM.png,Lands Claimed by Taiwan,"Officially, Taiwan still claims all of mainland China, Mongolia, and parts of Russia. This map shows just how vast that claim really is.",Empires & borders,Modern,Asia,active,2026-07-02T13:40:11+00:00,1,high-engagement debate topic; posted 2026-07-02 id 2072676712320520577
(4) Instagram - Google Chrome 10_27_2025 4_53_00 PM.png,"The New Europe With Lasting Peace: Plan of P.A. Maas, 1920",A forgotten 1920 plan wanted to erase every European nation into one radial empire ruled from Budapest. It never had a chance.,Oddities & superlatives,Interwar,Europe,active,,0,strong thread candidate
(4) Instagram - Google Chrome 7_16_2025 12_20_30 PM.png,Coat of Arms of European Capitals,"Every European capital has its own coat of arms, some dating back to medieval guilds and saints.",Religion & culture,Various,Europe,active,2026-08-07T11:21:10+00:00,1,posted 2026-08-07 id 2085687690238861796
(4) Instagram - Google Chrome 8_12_2025 8_12_06 PM.png,Biggest Source of Electricity in the USA and Canada,"Coal, hydro, wind, nuclear: North America's power grid is a patchwork with no single dominant source.",Economy & society,Modern,North America,active,2026-07-12T01:17:47+00:00,1,posted 2026-07-12 id 2076113760675119259
(4) Instagram - Google Chrome 8_13_2025 7_58_50 PM.png,Logos of National Railway Companies in Europe,"From DB to SNCF to PKP, every country's railway has its own logo. How many can you actually recognize?",Oddities & superlatives,Modern,Europe,active,,0,
(4) Instagram - Google Chrome 9_1_2025 6_01_11 PM.png,US State With the Highest % of Population Ancestry in Europe,"New York claims the most European ancestry ties of any US state, but the runners-up might surprise you.",Demographics & language,Modern,North America,active,2026-07-02T01:30:20+00:00,1,posted 2026-07-02 id 2072493037914132796; top performer wk 2026-07-02 (27 imp); top performer wk 2026-07-02 (29 imp)
(4) Instagram - Google Chrome 9_3_2025 12_15_28 PM.png,The Winner of Each Country's Largest Football Defeat,England has humiliated half of Europe on this map alone. See who delivered every nation's worst football beating ever.,Oddities & superlatives,Various,Europe,active,,0,
(4) Instagram - Google Chrome 9_4_2025 6_04_35 PM.png,When Was the First McDonald's Restaurant Opened?,"Some European countries got their first Big Mac in the 1970s, others had to wait until the 2000s. Guess the gap.",Economy & society,Modern,Europe,active,,0,
(4) Instagram - Google Chrome 9_5_2025 11_13_29 AM.png,Racial Bias Towards Black People in Europe (Mean IAT Scores of White Implicants),"A massive 288,000-person study quietly mapped implicit bias across Europe, and the geographic pattern is uncomfortable.",Demographics & language,Modern,Europe,active,2026-08-17T13:20:37+00:00,1,high-engagement debate topic; posted 2026-08-17 id 2089341630109061300
(4) Instagram - Google Chrome 9_6_2025 11_42_35 AM.png,Happiest Countries in Europe,"Only a small cluster of nations made the cut for happiest in Europe, and they're all huddled in one corner of the map.",Oddities & superlatives,Modern,Europe,active,,0,
(5) Instagram - Google Chrome 7_19_2025 11_44_06 AM.png,"Jewish Population in Europe, 1933",3 million Jews lived in Poland alone in 1933. This map captures a world just before the Holocaust erased it.,Demographics & language,Interwar,Europe,active,,0,"strong thread candidate, sensitive topic - review"
(5) Instagram - Google Chrome 7_19_2025 11_45_47 AM.png,Jewish Population in Europe 2025,Europe's Jewish population is more concentrated than you'd think — one country alone holds nearly half a million. Guess which one before you look 👇,Demographics & language,Modern,Europe,active,2026-08-08T17:02:13+00:00,1,posted 2026-08-08 id 2086135904272326741
(5) Instagram - Google Chrome 7_26_2025 3_57_46 PM.png,"Median House Price in the US by State, 2000 vs 2025",California's median home price nearly tripled since 2000 — and it's not even the priciest state anymore. See how every state stacks up.,Economy & society,Modern,North America,active,2026-08-02T10:14:35+00:00,1,posted 2026-08-02 id 2083858993152467428
(5) Instagram - Google Chrome 7_27_2025 8_50_05 PM.png,Nicknames of European Capitals,Every European capital has a secret nickname — from the 'Grey City' to the 'Heart of Turkey.' How many can you match before scrolling?,Religion & culture,Various,Europe,active,2026-07-30T20:01:12+00:00,1,"strong thread candidate; posted 2026-07-30 id 2082919456720736625; top performer wk 2026-08-02 (57,674 imp)"
(5) Instagram - Google Chrome 8_10_2025 2_21_29 PM.png,"GDP per Capita in Europe, 1900","In 1900, Britain's GDP per capita was over 3x that of the Balkans — a wealth gap that still echoes today.",Economy & society,19th century,Europe,active,,0,
(5) Instagram - Google Chrome 8_11_2025 10_27_05 AM.png,Tourism as a % of GDP,Iceland's economy leans on tourism more than almost anywhere in Europe — 21% of its entire GDP. Where does your country rank?,Economy & society,Modern,Europe,active,,0,
(5) Instagram - Google Chrome 8_15_2025 10_33_56 PM.png,Countries That Are More Developed Than the USA,Only a handful of European countries officially rank as 'more developed' than the USA — and the list might surprise you.,Economy & society,Modern,Europe,active,2026-08-16T14:48:11+00:00,1,"posted 2026-08-16 id 2089001276570845398; top performer wk 2026-08-16 (4,932 imp)"
(5) Instagram - Google Chrome 8_16_2025 11_46_59 AM.png,Most Popular Male Newborn Names in Europe,"Noah dominates half the continent, but Eastern Europe has completely different favorites. See the full name map.",Demographics & language,Modern,Europe,active,2026-07-23T10:08:39+00:00,1,posted 2026-07-23 id 2080233622267629821
(5) Instagram - Google Chrome 8_17_2025 10_44_04 PM.png,Christianity in the US by County,"Mormonism carves out an unmistakable green island in Utah, while Catholic and Protestant strongholds split the rest of the country. Zoom into this county-level religion map.",Religion & culture,Modern,North America,active,2026-07-07T21:12:03+00:00,1,posted 2026-07-07 id 2074602367656337838
(5) Instagram - Google Chrome 8_1_2025 1_30_55 PM.png,"Currency of European Countries, 1936","Before the euro, Europe had a dizzying patchwork of currencies — from the Reichsmark to the Leu. See what your country used to spend.",Economy & society,Interwar,Europe,active,,0,
(5) Instagram - Google Chrome 8_1_2025 1_34_16 PM.png,"Best Selling Cars in Europe, 2022",Toyota quietly conquered half of Europe's car market while Peugeot and VW held their home turf. See which brand won your country.,Economy & society,Modern,Europe,active,,0,
(5) Instagram - Google Chrome 8_2_2025 3_23_12 PM.png,Color of Passports Around the World,Your passport color isn't random — it's practically a map of political alliances and religion. See the four-color world.,Oddities & superlatives,Modern,World,active,2026-07-08T17:14:44+00:00,1,posted 2026-07-08 id 2074905033372561676
(5) Instagram - Google Chrome 8_4_2025 12_39_35 PM.png,GDP of European Countries in 1938 (Excluding Colonies),"On the eve of WWII, Germany's economy already dwarfed its neighbors combined — a preview of the war to come.",Economy & society,Interwar,Europe,active,,0,
(5) Instagram - Google Chrome 8_9_2025 1_49_58 PM.png,Smoking Rate in Europe,Southeastern Europe smokes at nearly triple the rate of Scandinavia. See where your country falls on the map.,Demographics & language,Modern,Europe,active,,0,
(6) Instagram - Google Chrome 7_12_2025 2_50_41 PM.png,% of People That Have Used Cannabis in Their Lifetime,Nearly half of France has tried cannabis at least once — one of the highest lifetime rates in Europe. See the full breakdown.,Demographics & language,Modern,Europe,active,2026-07-04T13:02:07+00:00,1,high-engagement debate topic; posted 2026-07-04 id 2073391906805928201
(6) Instagram - Google Chrome 8_21_2025 12_15_46 PM.png,"Coat of Arms in Interwar Europe, 1936","By 1936, fascist and communist symbols had already replaced royal crests across half the continent. Spot the eagle, the hammer and sickle, and the crowns still holding on.",Empires & borders,Interwar,Europe,active,,0,
(6) Instagram - Google Chrome 8_5_2025 1_28_59 PM.png,Population in European Countries in 1789,"On the eve of the French Revolution, France was Europe's most populous power by far — with nearly double Britain's headcount.",Demographics & language,Early modern,Europe,active,2026-07-15T06:04:13+00:00,1,posted 2026-07-15 id 2077273005252829490
(6) Instagram - Google Chrome 8_6_2025 12_29_55 PM.png,How Widespread Do You Think the Problem of Corruption Is in Your Country?,Scandinavians barely think corruption exists at home — while over 90% of some southern Europeans say it's rampant. The perception gap is staggering.,Economy & society,Modern,Europe,active,2026-07-13T17:47:02+00:00,1,posted 2026-07-13 id 2076725098363355485
(6) Instagram - Google Chrome 8_8_2025 1_10_03 PM.png,Air Force Roundels of European Countries,Every European air force paints a different symbol on its planes — from Nazi-era crosses to Soviet stars. Can you identify them all?,Empires & borders,Modern,Europe,active,2026-08-15T20:47:20+00:00,1,posted 2026-08-15 id 2088729275125948441
(7) Instagram - Google Chrome 8_18_2025 3_07_04 PM.png,Ancient Egyptian Obelisks in Europe,"Rome alone hoards more ancient Egyptian obelisks than Egypt has left in some cities — 7 of them, in fact. See where the rest ended up.",Oddities & superlatives,Antiquity,Europe,active,2026-08-11T05:34:25+00:00,1,posted 2026-08-11 id 2087049981274497170
(7) Instagram - Google Chrome 8_19_2025 12_02_04 PM.png,Countries That Have No Mountains (and Their Highest Point),Some European countries' 'highest point' wouldn't even qualify as a hill elsewhere — one tops out at just 171 metres.,Oddities & superlatives,Modern,Europe,active,,0,
(7) Instagram - Google Chrome 8_20_2025 3_54_24 PM.png,Oldest Metro Systems in Europe,London's Underground opened in 1863 — over a century before some European capitals had a single subway line. See the full timeline.,Oddities & superlatives,Various,Europe,active,,0,
(7) Instagram - Google Chrome 8_22_2025 12_20_43 PM.png,Percentage of Population Able to Hold a Conversation in German,Nearly half of the Netherlands can speak German — but almost nobody in Spain can. See the language map that reveals old empires and modern ties.,Demographics & language,Modern,Europe,active,,0,
1000003626.jpg,Post Logo in European Countries,Every country's postal service has its own logo — some barely changed since the empire days. Can you match them all to their countries?,Economy & society,Modern,Europe,active,2026-08-09T15:00:48+00:00,1,posted 2026-08-09 id 2086467736436158762
1000003705.jpg,"Currency of European Countries, 1936","Before the euro, Europe had a dizzying patchwork of currencies — from the Reichsmark to the Leu. See what your country used to spend.",Economy & society,Interwar,Europe,excluded,,0,duplicate of (5) Instagram - Google Chrome 8_1_2025 1_30_55 PM.png
1000003874.jpg,Logos of National Railway Companies in Europe,"From SNCF to DB to TCDD, every European country's railway has its own logo — some more iconic than others. How many do you recognize?",Economy & society,Modern,Europe,active,,0,
1000003922.jpg,Royal Dynasties of Europe in 1910,Europe in 1910: one big family business. Nearly every crown traced back to a handful of houses — 4 years before they went to war with each other 👑,Royal houses,1910s,Europe,active,2026-07-21T20:55:39+00:00,1,posted 2026-07-21 id 2079671668218155388
1000003996.jpg,When Was Each European Parliament Building Built?,Some European parliaments date back to the 1500s while others were only built in the 1990s. The age gap tells a story of empires and independence.,Empires & borders,Various,Europe,active,,0,
1000004204.jpg,National Mottos of European Countries in 1914,"On the eve of WWI, most European nations still swore loyalty to God and king in their national mottos — a world about to vanish forever.",Royal houses,1910s,Europe,active,2026-07-30T21:42:10+00:00,1,posted 2026-07-30 id 2082944865709732298
1000004234.jpg,AI Created Alternative Names for European Countries,What if Poland was still called Polonia and Russia was Muscovy? This AI-generated map imagines Europe under its old historical names.,Oddities & superlatives,Various,Europe,active,,0,
1000004871.webp,"People Died on the Titanic, 1912","England lost more people to the Titanic than any other country by far — 223 dead, nearly triple the next highest. See the full toll by nation.",Oddities & superlatives,1910s,Europe,active,2026-07-21T13:07:56+00:00,1,posted 2026-07-21 id 2079553963012096482
1000005258.jpg,"Europe After the Italian Unification, 1861","The year Italy finally became a nation, the Habsburg and Ottoman Empires still swallowed half the continent between them.",Empires & borders,19th century,Europe,active,2026-08-01T07:01:46+00:00,1,posted 2026-08-01 id 2083448081723560293
1000005335.jpg,"Gold Reserves in Europe, 1913","On the eve of WWI, France sat on more gold than Germany and Austria-Hungary combined — a war chest nobody expected to need so soon.",Economy & society,1910s,Europe,active,,0,
1000963283.png,Countries That Claimed to Be the Successor of the Roman Empire,"From the Holy Roman Empire to Tsarist Russia's 'Third Rome,' half of Europe has spent centuries claiming Rome's legacy. See who's still making the claim.",Empires & borders,Various,Europe,active,,0,
1000963297.png,Post Logo in European Countries,Every country's postal service has its own logo — some barely changed since the empire days. Can you match them all to their countries?,Economy & society,Modern,Europe,excluded,,0,duplicate of 1000003626.jpg
1000963299.png,Europe in 1217,The Holy Roman Empire dominated the map long before Germany existed — and Kyivan Rus' still stretched further than modern Ukraine and Russia combined.,Empires & borders,Medieval,Europe,active,,0,
1000963303.png,German Plans for Europe After WW1 (Based on 'Septemberprogramm'),"Had Germany won WWI, it planned puppet states stretching from Belgium to Ukraine. This is the Europe that almost was.",Wars & conflicts,WWI,Europe,active,,0,
1000963304.png,Europe in 1314,"A century after the last map, the Golden Horde's reach still stretched deep into Eastern Europe while the Holy Roman Empire held firm at the center.",Empires & borders,Medieval,Europe,active,,0,"similar to 1000963299.png but different year, not a true duplicate"
102316F9-4F19-4001-B9F5-6C7A482631B9.JPG,Top-Level Income Tax Rates in the US and Canada,Quebec taxes top earners at 26% while several US states charge zero — the tax gap between neighbors is enormous.,Economy & society,Modern,North America,active,2026-08-11T23:11:25+00:00,1,posted 2026-08-11 id 2087315983296024888
BCE1392D-C8D4-4651-833C-B78DCC51041C.jpeg,Entry-Level Income Tax Rates in the US and Canada,"Even at the bottom bracket, some US states charge nothing while Quebec starts at 14%. See how the two countries compare.",Economy & society,Modern,North America,active,,0,
Castles in Europe.png,Castles in Europe,Germany and France between them hold thousands more castles than most of Eastern Europe combined. See who's hoarding medieval real estate.,Empires & borders,Medieval,Europe,active,,0,
GDP per capita in Austria-Hungary 1910.png,"GDP per Capita in Austria-Hungary, 1910",Lower Austria was nearly 3.5x richer than Bosnia in the same empire — inequality that helped tear Austria-Hungary apart.,Economy & society,1910s,Europe,active,2026-07-25T16:41:01+00:00,1,"posted 2026-07-25 id 2081057139422838844; top performer wk 2026-07-26 (19,480 imp)"
New Tab - Google Chrome 9_9_2025 4_00_34 PM.png,Percentage of Population Able to Hold a Conversation in English,"Nearly everyone in the Netherlands speaks English, but head to Eastern Europe and it's a coin flip. See the full language divide.",Demographics & language,Modern,Europe,active,2026-07-07T13:59:00+00:00,1,posted 2026-07-07 id 2074493385927500117
Screenshot 10_19_2025 2_18_43 PM.png,"Treaty of Paris and Occupation of France, 1815","After Waterloo, France wasn't just defeated — it was carved up and occupied by four foreign armies at once. See who got which slice.",Wars & conflicts,19th century,Europe,active,,0,
Untitled20_20251230203212.jpeg,Highest Temperature Recorded in the US and Canada,Death Valley's 134°F record has stood since 1913 — and it's still nearly 10 degrees hotter than anywhere else on the continent.,Oddities & superlatives,Modern,North America,active,2026-08-04T18:10:53+00:00,1,posted 2026-08-04 id 2084703633124495826
owid-military-spending-as-a-share-of-gdp-sipri.png,"Military Spending as a Share of GDP, 2025",Ukraine now spends ~40% of its GDP on defense — no other country is even close. The world map of military burden in 2025. Data: Our World in Data (CC BY),Wars & conflicts,Modern,World,active,2026-07-17T16:55:34+00:00,1,OWID military-spending-as-a-share-of-gdp-sipri; imported 2026-07-04; posted 2026-07-17 id 2078161699308249203
owid-political-regime.png,Democracy in 2025 (V-Dem Classification),"Democracy in 2025: Europe deep blue, a red autocratic belt from Africa to East Asia — and most autocracies still hold elections. Data: Our World in Data (CC BY)",Economy & society,Modern,World,active,,0,OWID political-regime; imported 2026-07-04
owid-agricultural-land.png,"Agricultural Land Use, 2023","Half of Earth's habitable land is used to feed us. China, the US, Brazil, Australia and Russia each farm hundreds of millions of hectares. Data: Our World in Data (CC BY)",Economy & society,Modern,World,active,2026-08-18T15:01:16+00:00,1,OWID agricultural-land; imported 2026-07-04; posted 2026-08-18 id 2089729346885861789
owid-low-carbon-share-energy.png,"Share of Energy from Low-Carbon Sources, 2024",Iceland runs on 80% low-carbon energy. Norway and Sweden 70%+. Most of the world? Under 20%. The energy transition has a geography. Data: Our World in Data (CC BY),Economy & society,Modern,World,active,2026-07-31T07:21:53+00:00,1,OWID low-carbon-share-energy; imported 2026-07-04; posted 2026-07-31 id 2083090756269678719
owid-share-of-population-urban.png,"Share of Population Living in Urban Areas, 2025","Bahrain, Kuwait, Monaco, Singapore: 100% urban. Much of Africa and South Asia: still mostly rural. The next great migration to cities hasn't happened yet. Data: Our World in Data (CC BY)",Demographics & language,Modern,World,active,2026-08-10T21:11:42+00:00,1,OWID share-of-population-urban; imported 2026-07-04; posted 2026-08-10 id 2086923466004209763
owid-meat-supply-per-person.png,"Meat Supply per Person, 2023",The world's biggest meat eaters aren't who you'd guess: Tonga (157 kg/person/year) and Mongolia (136 kg) beat the US (122 kg). Data: Our World in Data (CC BY),Oddities & superlatives,Modern,World,active,2026-08-01T14:05:57+00:00,1,OWID meat-supply-per-person; imported 2026-07-04; posted 2026-08-01 id 2083554830107168962
owid-happiness-cantril-ladder.png,"Self-Reported Life Satisfaction, 2025","The happiest countries on Earth in 2025: Finland, Iceland, Denmark. The map shows a clear pattern — and it isn't just about money. Data: Our World in Data (CC BY)",Oddities & superlatives,Modern,World,active,,0,OWID happiness-cantril-ladder; imported 2026-07-04
owid-total-alcohol-consumption-per-capita-litres-of-pure-alcohol.png,"Alcohol Consumption per Person, 2020",Europe drinks more than anywhere on Earth: Romania leads the world at 16.8 litres of pure alcohol per adult per year. Data: Our World in Data (CC BY),Oddities & superlatives,Modern,World,active,2026-07-31T03:59:59+00:00,1,OWID total-alcohol-consumption-per-capita-litres-of-pure-alcohol; imported 2026-07-04; posted 2026-07-31 id 2083039947553140871
owid-life-expectancy.png,Life Expectancy by Country,"Life expectancy today: 84+ years in Japan and Switzerland, under 55 in parts of West Africa. A 30-year gap, on one map. Data: Our World in Data (CC BY)",Demographics & language,Modern,World,active,,0,OWID life-expectancy; imported 2026-07-04
owid-population-density.png,Population Density by Country,"Monaco packs ~19,000 people into every km². Mongolia: 2. The fullest and emptiest places on Earth. Data: Our World in Data (CC BY)",Demographics & language,Modern,World,active,2026-08-16T18:55:49+00:00,1,OWID population-density; imported 2026-07-04; posted 2026-08-16 id 2089063598404575540
owid-median-age.png,Median Age by Country,"Half of Niger is younger than 15. Half of Japan is older than 49. Two different demographic planets, one map. Data: Our World in Data (CC BY)",Demographics & language,Modern,World,active,2026-07-28T06:16:03+00:00,1,OWID median-age; imported 2026-07-04; posted 2026-07-28 id 2081987026820231639
owid-gdp-per-capita-worldbank.png,GDP per Capita by Country,"The richest and poorest countries differ in income per person by a factor of more than 100. The world economy, mapped. Data: Our World in Data (CC BY)",Economy & society,Modern,World,active,2026-08-13T21:13:39+00:00,1,OWID gdp-per-capita-worldbank; imported 2026-07-04; posted 2026-08-13 id 2088011118837199012
owid-co-emissions-per-capita.png,CO2 Emissions per Capita,The Gulf states emit more CO2 per person in a week than many African countries do in a year. Data: Our World in Data (CC BY),Economy & society,Modern,World,active,,0,OWID co-emissions-per-capita; imported 2026-07-04
owid-share-of-individuals-using-the-internet.png,Share of People Using the Internet,Nearly 100% of Northern Europe is online. Parts of Africa: under 20%. The digital divide is still a map. Data: Our World in Data (CC BY),Economy & society,Modern,World,active,,0,OWID share-of-individuals-using-the-internet; imported 2026-07-04
owid-child-mortality.png,Child Mortality by Country,"A century ago, 1 in 4 children worldwide died before age 5. The map has transformed — but the gap between best and worst remains vast. Data: Our World in Data (CC BY)",Demographics & language,Modern,World,active,,0,OWID child-mortality; imported 2026-07-04
owid-children-born-per-woman.png,Fertility Rate by Country,Niger: ~6 children per woman. South Korea: 0.7. The entire demographic future of the world is visible on this map. Data: Our World in Data (CC BY),Demographics & language,Modern,World,active,2026-08-07T15:24:45+00:00,1,OWID children-born-per-woman; imported 2026-07-04; posted 2026-08-07 id 2085748988074938850
owid-share-electricity-renewables.png,Share of Electricity from Renewables,"Norway, Iceland and Costa Rica already run their grids almost entirely on renewables. Most of the world isn't close. Data: Our World in Data (CC BY)",Economy & society,Modern,World,active,2026-08-03T23:35:25+00:00,1,OWID share-electricity-renewables; imported 2026-07-04; posted 2026-08-03 id 2084422920332579165
owid-annual-working-hours-per-worker.png,Annual Working Hours per Worker,"Workers in Cambodia and Mexico log 2,200+ hours a year. Germans: about 1,300. Who actually works the most, mapped. Data: Our World in Data (CC BY)",Economy & society,Modern,World,active,2026-08-08T11:00:26+00:00,1,OWID annual-working-hours-per-worker; imported 2026-07-04; posted 2026-08-08 id 2086044858238599248
owid-daily-per-capita-caloric-supply.png,Daily Calorie Supply per Person,"3,500+ calories available per person per day in the US and Europe. Under 2,100 in parts of Africa. Data: Our World in Data (CC BY)",Economy & society,Modern,World,active,2026-08-05T07:13:06+00:00,1,OWID daily-per-capita-caloric-supply; imported 2026-07-04; posted 2026-08-05 id 2084900485002109105
owid-share-of-adults-who-smoke.png,Share of Adults Who Smoke,"Where the world still smokes: Southeast Asia and the Balkans lead, while rates collapse across the West. Data: Our World in Data (CC BY)",Oddities & superlatives,Modern,World,active,2026-08-07T21:09:58+00:00,1,OWID share-of-adults-who-smoke; imported 2026-07-04; posted 2026-08-07 id 2085835867009233180
owid-share-of-adults-defined-as-obese.png,Share of Adults Who Are Obese,Pacific island nations top the world obesity map — over half of adults in some. East Asia barely registers. Data: Our World in Data (CC BY),Oddities & superlatives,Modern,World,active,,0,OWID share-of-adults-defined-as-obese; imported 2026-07-04
owid-homicide-rate-unodc.png,Homicide Rate by Country,"Parts of Latin America have homicide rates 50x higher than Europe or East Asia. The world's most dangerous places, mapped. Data: Our World in Data (CC BY)",Wars & conflicts,Modern,World,active,,0,OWID homicide-rate-unodc; imported 2026-07-04
owid-share-of-the-population-with-access-to-electricity.png,Access to Electricity,It's 2026 and hundreds of millions of people — mostly in Sub-Saharan Africa — still live without electricity. Data: Our World in Data (CC BY),Economy & society,Modern,World,active,,0,OWID share-of-the-population-with-access-to-electricity; imported 2026-07-04
owid-forest-area-as-share-of-land-area.png,Forest Area as Share of Land,Suriname is ~97% forest. Iceland: under 1%. How much of each country is covered in trees. Data: Our World in Data (CC BY),Oddities & superlatives,Modern,World,active,2026-08-13T11:21:07+00:00,1,OWID forest-area-as-share-of-land-area; imported 2026-07-04; posted 2026-08-13 id 2087862003062993017
owid-human-development-index.png,Human Development Index,"The HDI map: Switzerland and Norway at the summit, the Sahel with the furthest left to climb. Data: Our World in Data (CC BY)",Economy & society,Modern,World,active,2026-08-13T13:56:35+00:00,1,OWID human-development-index; imported 2026-07-04; posted 2026-08-13 id 2087901129208189163
owid-corruption-perception-index.png,Corruption Perceptions Index,Perceived public-sector corruption: Denmark and New Zealand cleanest — conflict states darkest. Data: Our World in Data (CC BY),Economy & society,Modern,World,active,2026-08-05T21:45:55+00:00,1,OWID corruption-perception-index; imported 2026-07-04; posted 2026-08-05 id 2085120135916896324
owid-international-tourist-arrivals.png,International Tourist Arrivals,France receives ~100 million tourists a year — more than its entire population. The world tourism map. Data: Our World in Data (CC BY),Economy & society,Modern,World,active,,0,OWID international-tourist-arrivals; imported 2026-07-04
owid-electric-car-sales-share.png,Electric Car Sales Share,"In Norway, ~9 in 10 new cars are electric. In the US, ~1 in 10. The EV transition has a geography. Data: Our World in Data (CC BY)",Economy & society,Modern,World,active,2026-08-14T19:28:21+00:00,1,OWID electric-car-sales-share; imported 2026-07-04; posted 2026-08-14 id 2088347010479124942
owid-mobile-cellular-subscriptions-per-100-people.png,Mobile Subscriptions per 100 People,Most countries now have more mobile subscriptions than people. Data: Our World in Data (CC BY),Oddities & superlatives,Modern,World,active,2026-07-28T13:23:24+00:00,1,OWID mobile-cellular-subscriptions-per-100-people; imported 2026-07-04; posted 2026-07-28 id 2082094573338386794
owid-death-rate-road-traffic-injuries.png,Road Traffic Death Rates,Roads kill at wildly different rates around the world — and the deadliest countries aren't the ones you'd guess. Data: Our World in Data (CC BY),Oddities & superlatives,Modern,World,active,,0,OWID death-rate-road-traffic-injuries; imported 2026-07-04
owid-per-capita-milk-consumption.png,Milk Consumption per Person,Northern Europeans drink more milk than anyone on Earth. Much of East Asia: almost none. Lactose tolerance is a map. Data: Our World in Data (CC BY),Oddities & superlatives,Modern,World,active,2026-08-15T08:55:01+00:00,1,OWID per-capita-milk-consumption; imported 2026-07-04; posted 2026-08-15 id 2088550011541786631
owid-research-spending-gdp.png,R&D Spending as Share of GDP,Israel and South Korea invest ~5% of GDP in research. Most of the world: under 1%. Where the future is funded. Data: Our World in Data (CC BY),Economy & society,Modern,World,active,2026-07-08T13:21:07+00:00,1,OWID research-spending-gdp; imported 2026-07-04; posted 2026-07-08 id 2074846239003210106
owid-prison-population-rate.png,Prison Population Rate,The US and El Salvador imprison more people per capita than anywhere else on Earth. Data: Our World in Data (CC BY),Oddities & superlatives,Modern,World,active,,0,OWID prison-population-rate; imported 2026-07-04
owid-cross-country-literacy-rates.png,Literacy Rates by Country,"Global literacy has passed 87% — but in parts of the Sahel, fewer than half of adults can read. Data: Our World in Data (CC BY)",Demographics & language,Modern,World,active,,0,OWID cross-country-literacy-rates; imported 2026-07-04
owid-armed-forces-personnel.png,Armed Forces Personnel,"The world's largest militaries by personnel: China, India, the US. Per capita? Tiny states lead the map. Data: Our World in Data (CC BY)",Wars & conflicts,Modern,World,active,2026-08-16T08:56:39+00:00,1,OWID armed-forces-personnel; imported 2026-07-04; posted 2026-08-16 id 2088912810864783559
owid-share-of-population-in-extreme-poverty.png,Share in Extreme Poverty,Extreme poverty (under $2.15/day) is now concentrated almost entirely in one region: Sub-Saharan Africa. Data: Our World in Data (CC BY),Economy & society,Modern,World,active,2026-07-18T05:55:10+00:00,1,"OWID share-of-population-in-extreme-poverty; imported 2026-07-04; posted 2026-07-18 id 2078357889693999556; top performer wk 2026-07-19 (1,453 imp)"
owid-population.png,World Population by Country,"8 billion people, one map: where humanity actually lives. Data: Our World in Data (CC BY)",Demographics & language,Modern,World,active,,0,OWID population; imported 2026-07-04
owid-population-growth-rates.png,Population Growth Rates,"Africa is growing fast, Eastern Europe and East Asia are shrinking. The map of humanity's next century. Data: Our World in Data (CC BY)",Demographics & language,Modern,World,active,,0,OWID population-growth-rates; imported 2026-07-04
owid-age-dependency-ratio-old.png,Old-Age Dependency Ratio,Japan has nearly one retiree for every two workers. Africa: one for twenty. The pension map of the world. Data: Our World in Data (CC BY),Demographics & language,Modern,World,active,2026-08-15T01:56:30+00:00,1,OWID age-dependency-ratio-old; imported 2026-07-04; posted 2026-08-15 id 2088444691465523696
owid-sex-ratio-at-birth.png,Sex Ratio at Birth,Nature's constant is ~105 boys per 100 girls — the countries far above that line have some explaining to do. Data: Our World in Data (CC BY),Demographics & language,Modern,World,active,2026-07-17T06:07:16+00:00,1,OWID sex-ratio-at-birth; imported 2026-07-04; posted 2026-07-17 id 2077998549300543759
owid-marriage-rate-per-1000-inhabitants.png,Marriage Rates Around the World,Where people still marry — and where marriage is quietly disappearing. Data: Our World in Data (CC BY),Demographics & language,Modern,World,active,,0,OWID marriage-rate-per-1000-inhabitants; imported 2026-07-04
owid-divorces-per-1000-people.png,Divorce Rates Around the World,"The world map of divorce: highest in parts of Europe and North America, near-zero in South Asia. Data: Our World in Data (CC BY)",Demographics & language,Modern,World,active,2026-08-02T07:06:26+00:00,1,OWID divorces-per-1000-people; imported 2026-07-04; posted 2026-08-02 id 2083811643926909173
owid-daily-median-income.png,Median Daily Income,Half the world lives on less per day than a rich-world coffee costs. The median income map. Data: Our World in Data (CC BY),Economy & society,Modern,World,active,,0,OWID daily-median-income; imported 2026-07-04
owid-malaria-death-rates.png,Malaria Death Rates,Malaria still kills hundreds of thousands a year — and the map shows it's now almost entirely an African disease. Data: Our World in Data (CC BY),Demographics & language,Modern,World,active,,0,OWID malaria-death-rates; imported 2026-07-04
owid-hiv-death-rates.png,HIV/AIDS Death Rates,The HIV map: Southern Africa still carries a burden the rest of the world has largely escaped. Data: Our World in Data (CC BY),Demographics & language,Modern,World,active,2026-07-11T12:44:09+00:00,1,OWID hiv-death-rates; imported 2026-07-04; posted 2026-07-11 id 2075924099168407842
owid-physicians-per-1000-people.png,"Doctors per 1,000 People","Cuba and much of Europe: 4+ doctors per 1,000 people. Parts of Africa: fewer than 0.1. Data: Our World in Data (CC BY)",Economy & society,Modern,World,active,,0,OWID physicians-per-1000-people; imported 2026-07-04
owid-hospital-beds-per-1000-people.png,"Hospital Beds per 1,000 People","Japan and Korea have 10+ hospital beds per 1,000 people. Much of Africa and South Asia: under 1. Data: Our World in Data (CC BY)",Economy & society,Modern,World,active,2026-08-03T18:16:16+00:00,1,OWID hospital-beds-per-1000-people; imported 2026-07-04; posted 2026-08-03 id 2084342602195751330
owid-total-healthcare-expenditure-gdp.png,Healthcare Spending as Share of GDP,The US spends ~17% of GDP on healthcare — more than any nation ever has. The world health-spending map. Data: Our World in Data (CC BY),Economy & society,Modern,World,active,2026-08-11T02:34:30+00:00,1,OWID total-healthcare-expenditure-gdp; imported 2026-07-04; posted 2026-08-11 id 2087004702865318358
owid-diabetes-prevalence.png,Diabetes Prevalence,The Gulf and Pacific islands lead the world diabetes map — a disease that tracks the modern diet. Data: Our World in Data (CC BY),Oddities & superlatives,Modern,World,active,2026-07-18T12:42:10+00:00,1,OWID diabetes-prevalence; imported 2026-07-04; posted 2026-07-18 id 2078460316787036226
owid-maternal-mortality.png,Maternal Mortality,Giving birth is ~100x deadlier in parts of Africa than in Scandinavia. One of the starkest maps there is. Data: Our World in Data (CC BY),Demographics & language,Modern,World,active,2026-07-25T06:07:44+00:00,1,OWID maternal-mortality; imported 2026-07-04; posted 2026-07-25 id 2080897769087053960
owid-cancer-death-rates.png,Cancer Death Rates,Cancer death rates are highest not where cancer strikes most — but where it's caught too late. Data: Our World in Data (CC BY),Demographics & language,Modern,World,active,,0,OWID cancer-death-rates; imported 2026-07-04
owid-cardiovascular-disease-death-rates.png,Cardiovascular Death Rates,Heart disease is the world's #1 killer — deadliest across Eastern Europe and Central Asia. Data: Our World in Data (CC BY),Demographics & language,Modern,World,active,2026-07-18T01:10:29+00:00,1,OWID cardiovascular-disease-death-rates; imported 2026-07-04; posted 2026-07-18 id 2078286247798415478
owid-tuberculosis-death-rates.png,Tuberculosis Death Rates,TB — curable for 70 years — still kills over a million people a year. The map shows exactly where. Data: Our World in Data (CC BY),Demographics & language,Modern,World,active,,0,OWID tuberculosis-death-rates; imported 2026-07-04
owid-share-with-drug-use-disorders.png,Drug Use Disorders,The US and Eastern Europe top the map of drug use disorders — geography of an epidemic. Data: Our World in Data (CC BY),Oddities & superlatives,Modern,World,active,,0,OWID share-with-drug-use-disorders; imported 2026-07-04
owid-share-with-mental-and-substance-disorders.png,Mental Health & Substance Disorders,Roughly 1 in 8 humans lives with a mental health or substance disorder. The global map. Data: Our World in Data (CC BY),Demographics & language,Modern,World,active,,0,OWID share-with-mental-and-substance-disorders; imported 2026-07-04
owid-share-of-children-younger-than-5-who-suffer-from-stunting.png,Child Stunting,Chronic malnutrition stunts the growth of 1 in 5 children worldwide — the map is the Sahel and South Asia. Data: Our World in Data (CC BY),Demographics & language,Modern,World,active,,0,OWID share-of-children-younger-than-5-who-suffer-from-stunting; imported 2026-07-04
owid-prevalence-of-undernourishment.png,Undernourishment,The world produces enough food for everyone. The undernourishment map shows who still doesn't get it. Data: Our World in Data (CC BY),Economy & society,Modern,World,active,,0,OWID prevalence-of-undernourishment; imported 2026-07-04
owid-death-rate-smoking.png,Deaths from Smoking,"Smoking kills most not in the West, where it's declining — but across Asia and Eastern Europe. Data: Our World in Data (CC BY)",Oddities & superlatives,Modern,World,active,2026-07-29T19:52:19+00:00,1,OWID death-rate-smoking; imported 2026-07-04; posted 2026-07-29 id 2082554834536788206
owid-cereal-yield.png,Cereal Yields,"The same hectare yields 8+ tonnes of grain in Western Europe and under 1 in parts of Africa. The yield gap, mapped. Data: Our World in Data (CC BY)",Economy & society,Modern,World,active,,0,OWID cereal-yield; imported 2026-07-04
owid-wheat-yields.png,Wheat Yields,Ireland and the Netherlands squeeze 3x more wheat from a hectare than the countries that grow the most of it. Data: Our World in Data (CC BY),Economy & society,Modern,World,active,2026-07-29T10:23:24+00:00,1,OWID wheat-yields; imported 2026-07-04; posted 2026-07-29 id 2082411660032024846
owid-banana-production.png,Banana Production,India grows more bananas than any country on Earth — and exports almost none of them. Data: Our World in Data (CC BY),Oddities & superlatives,Modern,World,active,2026-07-23T20:47:42+00:00,1,OWID banana-production; imported 2026-07-04; posted 2026-07-23 id 2080394442868171249
owid-wine-production.png,Wine Production,"Italy, France, Spain: half the world's wine from three countries. 🍷 Data: Our World in Data (CC BY)",Oddities & superlatives,Modern,World,active,2026-08-10T09:57:12+00:00,1,OWID wine-production; imported 2026-07-04; posted 2026-08-10 id 2086753724085760394
owid-beer-consumption-per-person.png,Beer Consumption per Person,Czechs drink nearly twice as much beer per person as anyone else. A national title defended for decades. 🍺 Data: Our World in Data (CC BY),Oddities & superlatives,Modern,World,active,2026-07-24T01:17:49+00:00,1,OWID beer-consumption-per-person; imported 2026-07-04; posted 2026-07-24 id 2080462423740612679
owid-fish-and-seafood-consumption-per-capita.png,Fish & Seafood Consumption,"Iceland, the Maldives, Portugal: the world's great fish eaters. Landlocked Central Asia: barely a bite. Data: Our World in Data (CC BY)",Oddities & superlatives,Modern,World,active,2026-07-07T07:25:34+00:00,1,OWID fish-and-seafood-consumption-per-capita; imported 2026-07-04; posted 2026-07-07 id 2074394375837433978
owid-fruit-consumption-per-capita.png,Fruit Consumption per Person,The tropics grow the fruit — but some of the biggest fruit eaters are in the Mediterranean. Data: Our World in Data (CC BY),Oddities & superlatives,Modern,World,active,2026-07-26T16:42:14+00:00,1,OWID fruit-consumption-per-capita; imported 2026-07-04; posted 2026-07-26 id 2081419833976000623
owid-vegetable-consumption-per-capita.png,Vegetable Consumption per Person,China eats more vegetables per person than almost anywhere on Earth. The world's vegetable map. Data: Our World in Data (CC BY),Oddities & superlatives,Modern,World,active,2026-08-12T11:21:14+00:00,1,OWID vegetable-consumption-per-capita; imported 2026-07-04; posted 2026-08-12 id 2087499643567440091
owid-rice-production.png,Rice Production,90% of the world's rice is grown in Asia — the crop that feeds more humans than any other. Data: Our World in Data (CC BY),Economy & society,Modern,World,active,,0,OWID rice-production; imported 2026-07-04
owid-tomato-production.png,Tomato Production,"The tomato is Mexican by birth, Italian by reputation — and Chinese by production volume. Data: Our World in Data (CC BY)",Oddities & superlatives,Modern,World,active,,0,OWID tomato-production; imported 2026-07-04
owid-potato-production.png,Potato Production,The Andean root that conquered the world: China and India now grow the most potatoes by far. Data: Our World in Data (CC BY),Oddities & superlatives,Modern,World,active,2026-07-11T16:39:05+00:00,1,OWID potato-production; imported 2026-07-04; posted 2026-07-11 id 2075983223624958221
owid-cocoa-bean-production.png,Cocoa Production,Chocolate is African: Côte d'Ivoire and Ghana grow ~60% of the world's cocoa. Data: Our World in Data (CC BY),Oddities & superlatives,Modern,World,active,,0,OWID cocoa-bean-production; imported 2026-07-04
owid-meat-production-tonnes.png,Meat Production by Country,"China produces almost twice as much meat as the US — the world's meat machine, mapped. Data: Our World in Data (CC BY)",Economy & society,Modern,World,active,,0,OWID meat-production-tonnes; imported 2026-07-04
owid-milk-production-tonnes.png,Milk Production by Country,India is the world's dairy superpower — producing more milk than the EU's biggest producers combined. Data: Our World in Data (CC BY),Oddities & superlatives,Modern,World,active,,0,OWID milk-production-tonnes; imported 2026-07-04
owid-aquaculture-farmed-fish-production.png,Farmed Fish Production,"More than half the fish humanity eats is now farmed, not caught — and China farms most of it. Data: Our World in Data (CC BY)",Economy & society,Modern,World,active,2026-07-07T01:43:34+00:00,1,OWID aquaculture-farmed-fish-production; imported 2026-07-04; posted 2026-07-07 id 2074308309558104539
owid-lithium-production.png,Lithium Production,"The metal of the battery age comes overwhelmingly from three countries: Australia, Chile, China. Data: Our World in Data (CC BY)",Economy & society,Modern,World,active,2026-08-09T17:04:23+00:00,1,OWID lithium-production; imported 2026-07-04; posted 2026-08-09 id 2086498837011562998
owid-per-capita-energy-use.png,Energy Use per Person,An Icelander uses ~100x the energy of an Ethiopian. Energy is the deepest inequality map there is. Data: Our World in Data (CC BY),Economy & society,Modern,World,active,2026-07-11T09:12:30+00:00,1,OWID per-capita-energy-use; imported 2026-07-04; posted 2026-07-11 id 2075870837513613420
owid-share-electricity-solar.png,Solar Share of Electricity,"Solar's rise, mapped: from novelty to double-digit shares of the grid in a decade. Data: Our World in Data (CC BY)",Economy & society,Modern,World,active,,0,OWID share-electricity-solar; imported 2026-07-04
owid-share-electricity-wind.png,Wind Share of Electricity,Denmark generates over half its electricity from wind — the windiest grid on Earth. Data: Our World in Data (CC BY),Economy & society,Modern,World,active,2026-08-15T03:11:54+00:00,1,OWID share-electricity-wind; imported 2026-07-04; posted 2026-08-15 id 2088463663048921539
owid-share-electricity-nuclear.png,Nuclear Share of Electricity,France still runs ~two-thirds of its grid on nuclear — no other country comes close. Data: Our World in Data (CC BY),Economy & society,Modern,World,active,2026-08-13T09:40:45+00:00,1,OWID share-electricity-nuclear; imported 2026-07-04; posted 2026-08-13 id 2087836746075767052
owid-share-electricity-coal.png,Coal Share of Electricity,Coal is dying in the West and alive in Asia: the map of the world's dirtiest fuel. Data: Our World in Data (CC BY),Economy & society,Modern,World,active,,0,OWID share-electricity-coal; imported 2026-07-04
owid-annual-co2-emissions-per-country.png,Total CO2 Emissions by Country,China now emits more CO2 than the US and EU combined — but the historical ledger reads differently. Data: Our World in Data (CC BY),Economy & society,Modern,World,active,,0,OWID annual-co2-emissions-per-country; imported 2026-07-04
owid-per-capita-methane-emissions.png,Methane Emissions per Person,The forgotten greenhouse gas: cattle nations and gas producers top the methane map. Data: Our World in Data (CC BY),Economy & society,Modern,World,active,2026-08-10T17:26:25+00:00,1,OWID per-capita-methane-emissions; imported 2026-07-04; posted 2026-08-10 id 2086866771810849238
owid-annual-deforestation.png,Annual Deforestation,The world loses forest the size of a small country every year — mostly in the tropics. Data: Our World in Data (CC BY),Economy & society,Modern,World,active,,0,OWID annual-deforestation; imported 2026-07-04
owid-annual-change-forest-area.png,Forest Change by Country,Europe and China are gaining forest. The tropics are losing it. Both are on this map. Data: Our World in Data (CC BY),Economy & society,Modern,World,active,2026-07-28T01:13:23+00:00,1,OWID annual-change-forest-area; imported 2026-07-04; posted 2026-07-28 id 2081910859014852997
owid-pm25-air-pollution.png,PM2.5 Air Pollution,The air in parts of South Asia carries 15x more fine particles than WHO guidelines allow. Data: Our World in Data (CC BY),Demographics & language,Modern,World,active,2026-08-07T03:27:30+00:00,1,OWID pm25-air-pollution; imported 2026-07-04; posted 2026-08-07 id 2085568485468393539
owid-oil-production-by-country.png,Oil Production by Country,The US — not Saudi Arabia or Russia — has been the world's largest oil producer for a decade. Data: Our World in Data (CC BY),Economy & society,Modern,World,active,2026-07-27T01:25:57+00:00,1,OWID oil-production-by-country; imported 2026-07-04; posted 2026-07-27 id 2081551632735891880
owid-per-capita-electricity-generation.png,Electricity Generation per Person,Iceland and Norway generate more electricity per person than anywhere on Earth — hydropower's gift. Data: Our World in Data (CC BY),Economy & society,Modern,World,active,2026-07-16T16:58:41+00:00,1,OWID per-capita-electricity-generation; imported 2026-07-04; posted 2026-07-16 id 2077800096452821380
owid-share-co2-embedded-in-trade.png,CO2 Embedded in Trade,Rich countries 'outsource' emissions: the map of CO2 hidden inside imported goods. Data: Our World in Data (CC BY),Economy & society,Modern,World,active,2026-07-19T20:35:16+00:00,1,OWID share-co2-embedded-in-trade; imported 2026-07-04; posted 2026-07-19 id 2078941763129999575
owid-per-capita-ghg-emissions.png,Greenhouse Gas Emissions per Person,"All greenhouse gases counted, per person: the Gulf states and cattle giants top the map. Data: Our World in Data (CC BY)",Economy & society,Modern,World,active,2026-07-21T01:15:47+00:00,1,OWID per-capita-ghg-emissions; imported 2026-07-04; posted 2026-07-21 id 2079374745661804623
owid-per-capita-co2-aviation.png,Aviation Emissions per Person,Flying is a rich-world habit: aviation CO2 per person is 100x higher in some countries than others. Data: Our World in Data (CC BY),Economy & society,Modern,World,active,,0,OWID per-capita-co2-aviation; imported 2026-07-04
owid-economic-inequality-gini-index.png,Income Inequality (Gini Index),"Southern Africa and Latin America hold the world's deepest income divides. Inequality, mapped. Data: Our World in Data (CC BY)",Economy & society,Modern,World,active,2026-08-14T07:56:57+00:00,1,OWID economic-inequality-gini-index; imported 2026-07-04; posted 2026-08-14 id 2088173013405471015
owid-unemployment-rate.png,Unemployment Rates,From under 1% to over 25% — the world's job markets are more different than its climates. Data: Our World in Data (CC BY),Economy & society,Modern,World,active,2026-08-17T14:53:39+00:00,1,OWID unemployment-rate; imported 2026-07-04; posted 2026-08-17 id 2089365040608526794
owid-inflation-of-consumer-prices.png,Inflation by Country,"While central banks fight over 2% vs 3%, some countries live with 50%+ inflation. The price-stability map. Data: Our World in Data (CC BY)",Economy & society,Modern,World,active,2026-07-30T17:56:41+00:00,1,OWID inflation-of-consumer-prices; imported 2026-07-04; posted 2026-07-30 id 2082888121943777574
owid-trade-as-share-of-gdp.png,Trade as Share of GDP,Small open economies trade 3-4x their GDP; continental giants barely half. Globalization's map. Data: Our World in Data (CC BY),Economy & society,Modern,World,active,,0,OWID trade-as-share-of-gdp; imported 2026-07-04
owid-female-labor-force-participation-rates.png,Female Labor Force Participation,Where women work — and where they're kept out of the workforce. One of the most consequential maps in economics. Data: Our World in Data (CC BY),Economy & society,Modern,World,active,,0,OWID female-labor-force-participation-rates; imported 2026-07-04
owid-real-gdp-growth.png,GDP Growth by Country,"The fastest-growing economies on Earth are almost all in Africa and Asia. Growth, mapped. Data: Our World in Data (CC BY)",Economy & society,Modern,World,active,2026-08-04T21:48:09+00:00,1,OWID real-gdp-growth; imported 2026-07-04; posted 2026-08-04 id 2084758309903433738
owid-tax-revenues-as-a-share-of-gdp-unu-wider.png,Tax Revenue as Share of GDP,Scandinavians hand over 40%+ of GDP in taxes; in much of Africa the state collects under 15%. Data: Our World in Data (CC BY),Economy & society,Modern,World,active,2026-08-09T19:11:08+00:00,1,OWID tax-revenues-as-a-share-of-gdp-unu-wider; imported 2026-07-04; posted 2026-08-09 id 2086530735091982749
owid-gender-gap-in-average-wages-ilo.png,Gender Wage Gap,"The pay gap between men and women, mapped country by country. Data: Our World in Data (CC BY)",Economy & society,Modern,World,active,,0,OWID gender-gap-in-average-wages-ilo; imported 2026-07-04
owid-youth-not-in-education-employment-training.png,Youth Not in School or Work (NEET),"In some countries, 1 in 3 young people is neither studying nor working. The NEET map. Data: Our World in Data (CC BY)",Economy & society,Modern,World,active,,0,OWID youth-not-in-education-employment-training; imported 2026-07-04
owid-fixed-broadband-subscriptions-per-100-people.png,Broadband Subscriptions,"Fixed broadband: near-universal in East Asia and Europe, still rare across Africa. Data: Our World in Data (CC BY)",Economy & society,Modern,World,active,2026-07-14T01:09:09+00:00,1,OWID fixed-broadband-subscriptions-per-100-people; imported 2026-07-04; posted 2026-07-14 id 2076836362863378763
owid-scientific-and-technical-journal-articles.png,Scientific Publications by Country,China now publishes more scientific papers than the US — the research map has flipped in 20 years. Data: Our World in Data (CC BY),Economy & society,Modern,World,active,,0,OWID scientific-and-technical-journal-articles; imported 2026-07-04
owid-patent-applications-per-million.png,Patent Applications per Million People,"East Asia files more patents per person than anywhere on Earth. Innovation, mapped. Data: Our World in Data (CC BY)",Economy & society,Modern,World,active,2026-07-15T09:45:25+00:00,1,OWID patent-applications-per-million; imported 2026-07-04; posted 2026-07-15 id 2077328674269917336
owid-gender-inequality-index-from-the-human-development-report.png,Gender Inequality Index,"The UN's gender inequality map: Scandinavia at one end, the Sahel and parts of the Middle East at the other. Data: Our World in Data (CC BY)",Demographics & language,Modern,World,active,2026-08-17T02:02:42+00:00,1,OWID gender-inequality-index-from-the-human-development-report; imported 2026-07-04; posted 2026-08-17 id 2089171027519750633
owid-share-of-women-in-parliament.png,Women in Parliament,Rwanda has the world's highest share of women in parliament — ahead of every Western democracy. Data: Our World in Data (CC BY),Oddities & superlatives,Modern,World,active,2026-07-17T09:42:14+00:00,1,OWID share-of-women-in-parliament; imported 2026-07-04; posted 2026-07-17 id 2078052645689004247
owid-human-rights-index-vdem.png,Human Rights Index,The V-Dem human rights map: how strongly states protect — or violate — their citizens' rights. Data: Our World in Data (CC BY),Economy & society,Modern,World,active,2026-07-26T01:21:39+00:00,1,OWID human-rights-index-vdem; imported 2026-07-04; posted 2026-07-26 id 2081188159954539007
owid-rule-of-law-index.png,Rule of Law Index,Where courts constrain power and contracts hold — and where they don't. The rule-of-law map. Data: Our World in Data (CC BY),Economy & society,Modern,World,active,,0,OWID rule-of-law-index; imported 2026-07-04
owid-refugee-population-by-country-or-territory-of-origin.png,Refugees by Country of Origin,Most of the world's refugees come from a handful of countries — the map of the world's broken places. Data: Our World in Data (CC BY),Wars & conflicts,Modern,World,active,2026-08-09T05:28:55+00:00,1,OWID refugee-population-by-country-or-territory-of-origin; imported 2026-07-04; posted 2026-08-09 id 2086323818868408753
owid-terrorism-deaths.png,Deaths from Terrorism,Terrorism kills overwhelmingly in a narrow band from the Sahel to South Asia — not where headlines suggest. Data: Our World in Data (CC BY),Wars & conflicts,Modern,World,active,2026-07-31T11:05:30+00:00,1,OWID terrorism-deaths; imported 2026-07-04; posted 2026-07-31 id 2083147032739336252
owid-military-expenditure-total.png,Total Military Spending,"The US spends more on defense than the next several countries combined. The world's military budgets, mapped. Data: Our World in Data (CC BY)",Wars & conflicts,Modern,World,active,2026-08-14T15:21:37+00:00,1,OWID military-expenditure-total; imported 2026-07-04; posted 2026-08-14 id 2088284914307264648
owid-share-of-urban-population-living-in-slums.png,Urban Population in Slums,"Over half of city dwellers in parts of Africa live in slums — urbanization's dark side, mapped. Data: Our World in Data (CC BY)",Demographics & language,Modern,World,active,2026-07-26T12:49:46+00:00,1,OWID share-of-urban-population-living-in-slums; imported 2026-07-04; posted 2026-07-26 id 2081361330825494796
owid-access-to-clean-fuels-and-technologies-for-cooking.png,Access to Clean Cooking Fuels,"2+ billion people still cook with wood, dung, or charcoal — the indoor smoke kills millions. Data: Our World in Data (CC BY)",Economy & society,Modern,World,active,2026-08-12T03:03:49+00:00,1,OWID access-to-clean-fuels-and-technologies-for-cooking; imported 2026-07-04; posted 2026-08-12 id 2087374465122381829
owid-share-using-safely-managed-sanitation.png,Safely Managed Sanitation,"The sanitation map: what much of the world takes for granted, billions still lack. Data: Our World in Data (CC BY)",Demographics & language,Modern,World,active,2026-08-10T08:13:36+00:00,1,OWID share-using-safely-managed-sanitation; imported 2026-07-04; posted 2026-08-10 id 2086727650987413693
owid-seats-held-by-women-in-national-parliaments.png,Women's Seats in Parliament,"The share of parliamentary seats held by women, mapped worldwide. Data: Our World in Data (CC BY)",Economy & society,Modern,World,active,,0,OWID seats-held-by-women-in-national-parliaments; imported 2026-07-04
owid-natural-population-growth.png,Natural Population Growth,Births minus deaths: Africa is expanding fast while half of Europe and East Asia shrink without migration. Data: Our World in Data (CC BY),Demographics & language,Modern,World,active,,0,OWID natural-population-growth; imported 2026-07-04
owid-share-of-electricity-production-from-fossil-fuels.png,Fossil Share of Electricity,Some grids are 95%+ fossil-fueled; others nearly zero. The decarbonization scoreboard. Data: Our World in Data (CC BY),Economy & society,Modern,World,active,,0,OWID share-of-electricity-production-from-fossil-fuels; imported 2026-07-04
owid-agriculture-share-gdp.png,Agriculture's Share of GDP,"In the poorest countries, farming is half the economy. In the richest, ~1%. Development in one map. Data: Our World in Data (CC BY)",Economy & society,Modern,World,active,,0,OWID agriculture-share-gdp; imported 2026-07-04
owid-arable-land-use-per-person.png,Arable Land per Person,"Kazakhstan and Australia have cropland to spare; Japan and Egypt farm scraps. Land per person, mapped. Data: Our World in Data (CC BY)",Economy & society,Modern,World,active,2026-08-17T09:08:28+00:00,1,OWID arable-land-use-per-person; imported 2026-07-04; posted 2026-08-17 id 2089278172558700774
owid-pesticide-use-tonnes.png,Pesticide Use by Country,The world sprays ~3.5 million tonnes of pesticides a year — the map of where. Data: Our World in Data (CC BY),Economy & society,Modern,World,active,,0,OWID pesticide-use-tonnes; imported 2026-07-04
owid-poultry-production-tonnes.png,Poultry Production,"Chicken is quietly becoming humanity's #1 meat — the US, China and Brazil lead the map. Data: Our World in Data (CC BY)",Economy & society,Modern,World,active,2026-07-10T07:24:25+00:00,1,OWID poultry-production-tonnes; imported 2026-07-04; posted 2026-07-10 id 2075481248978682202
owid-egg-production-thousand-tonnes.png,Egg Production,China produces roughly 40% of the world's eggs. 🥚 Data: Our World in Data (CC BY),Oddities & superlatives,Modern,World,active,2026-08-12T17:28:07+00:00,1,OWID egg-production-thousand-tonnes; imported 2026-07-04; posted 2026-08-12 id 2087591972877832331
owid-sugar-cane-production.png,Sugar Cane Production,Brazil and India grow most of the world's sugar cane — the crop that reshaped continents and history. Data: Our World in Data (CC BY),Economy & society,Modern,World,active,,0,OWID sugar-cane-production; imported 2026-07-04
owid-maize-production.png,Maize Production,Corn: an American grass that became the world's biggest crop. The US and China grow half of it. Data: Our World in Data (CC BY),Economy & society,Modern,World,active,,0,OWID maize-production; imported 2026-07-04
owid-soybean-production.png,Soybean Production,The soybean boom: Brazil overtook the US as the world's top producer — Argentina third. Data: Our World in Data (CC BY),Economy & society,Modern,World,active,2026-07-24T06:16:35+00:00,1,OWID soybean-production; imported 2026-07-04; posted 2026-07-24 id 2080537607994487212
owid-orange-production.png,Orange Production,"Brazil grows the most oranges on Earth — most become juice, not fruit bowls. 🍊 Data: Our World in Data (CC BY)",Oddities & superlatives,Modern,World,active,2026-08-17T05:08:07+00:00,1,OWID orange-production; imported 2026-07-04; posted 2026-08-17 id 2089217685137854517
owid-apple-production.png,Apple Production,China grows about half the world's apples. 🍎 Data: Our World in Data (CC BY),Oddities & superlatives,Modern,World,active,,0,OWID apple-production; imported 2026-07-04
owid-avocado-production.png,Avocado Production,The avocado on your toast is almost certainly Mexican — one country dominates the world map. Data: Our World in Data (CC BY),Oddities & superlatives,Modern,World,active,2026-08-02T14:07:27+00:00,1,OWID avocado-production; imported 2026-07-04; posted 2026-08-02 id 2083917596735283437
owid-share-electricity-hydro.png,Hydropower Share of Electricity,"Paraguay, Norway, and DR Congo run almost entirely on falling water. The hydro map. Data: Our World in Data (CC BY)",Economy & society,Modern,World,active,,0,OWID share-electricity-hydro; imported 2026-07-04
owid-renewable-share-energy.png,Renewable Share of Energy,How much of each country's total energy — not just electricity — actually comes from renewables. Data: Our World in Data (CC BY),Economy & society,Modern,World,active,,0,OWID renewable-share-energy; imported 2026-07-04
owid-share-of-land-area-used-for-agriculture.png,Share of Land Used for Agriculture,Some countries farm 70%+ of their land; others barely 1%. What the world does with its ground. Data: Our World in Data (CC BY),Economy & society,Modern,World,active,2026-08-10T02:40:40+00:00,1,OWID share-of-land-area-used-for-agriculture; imported 2026-07-04; posted 2026-08-10 id 2086643865235370165
owid-cattle-livestock-count-heads.png,Cattle Population by Country,Brazil and India each host over 200 million cattle — there are ~1.5 billion on Earth. Data: Our World in Data (CC BY),Oddities & superlatives,Modern,World,active,2026-07-19T01:15:23+00:00,1,OWID cattle-livestock-count-heads; imported 2026-07-04; posted 2026-07-19 id 2078649867878924341
owid-universal-health-coverage-index.png,Universal Health Coverage Index,"How close each country gets to healthcare-for-all, on one WHO-scored map. Data: Our World in Data (CC BY)",Economy & society,Modern,World,active,2026-08-08T02:28:02+00:00,1,OWID universal-health-coverage-index; imported 2026-07-04; posted 2026-08-08 id 2085915911999930776
owid-share-of-people-who-say-they-are-happy.png,Share of People Who Say They're Happy,Ask the world 'are you happy?' and the map that comes back isn't the one wealth predicts. Data: Our World in Data (CC BY),Oddities & superlatives,Modern,World,active,2026-07-20T13:40:30+00:00,1,OWID share-of-people-who-say-they-are-happy; imported 2026-07-04; posted 2026-07-20 id 2079199770426409467
fm-gothic-architecture-europe.png,Gothic Architecture in Europe,"Pointed arches, flying buttresses, impossible windows. Gothic swept from Paris across Europe from the 1140s — and stopped almost exactly at the Orthodox and Ottoman frontier.",Religion & culture,Medieval,Europe,active,2026-08-18T10:55:20+00:00,1,Forummapping original; imported 2026-08-17; posted 2026-08-18 id 2089667455849550002
fm-romanesque-architecture-europe.png,Romanesque Architecture in Europe,"Before Gothic went vertical, Europe built thick walls, round arches and small windows. Romanesque: the architecture of a continent still expecting to be attacked.",Religion & culture,Medieval,Europe,active,2026-08-17T20:53:50+00:00,1,Forummapping original; imported 2026-08-17; posted 2026-08-17 id 2089455683590672675
fm-renaissance-architecture-europe.png,Renaissance Architecture in Europe,"It began with one dome in Florence and spread until half of Europe was quoting ancient Rome. Renaissance architecture, mapped.",Religion & culture,Medieval,Europe,excluded,,0,Forummapping original; imported 2026-08-17; TYPO IN IMAGE: title reads 'RENEIASSINCE' instead of 'RENAISSANCE' — excluded from rotation until the graphic is fixed
fm-baroque-architecture-europe.png,Baroque Architecture in Europe,"Baroque was the Counter-Reformation's answer to austerity: drama, gold and motion. It reached from Rome to Moscow — the widest spread of any European style.",Religion & culture,Medieval,Europe,active,,0,Forummapping original; imported 2026-08-17
fm-royal-families-hungary.png,Royal Families in the Kingdom of Hungary,"918 years of Hungarian kings in one bar: the Árpáds ruled for three centuries, then the crown passed through Anjou, Luxembourg, Hunyadi, Jagiello, Zápolya — and finally 400 years of Habsburgs.",Royal houses,Various,Europe,active,2026-08-17T22:49:59+00:00,1,Forummapping original; imported 2026-08-17; posted 2026-08-17 id 2089484915104465387
fm-royal-families-france.png,Royal Families in the Kingdom of France,"883 years of French monarchy, three dynasties: Capet, Valois, Bourbon — all descended from Hugh Capet in 987. Then the revolution, and the short strange codas of Orléans and Bonaparte.",Royal houses,Various,Europe,active,2026-08-18T13:23:37+00:00,1,Forummapping original; imported 2026-08-17; posted 2026-08-18 id 2089704773956112396
